Command line invocation:
    /Applications/Xcode.app/Contents/Developer/usr/bin/xcodebuild build -project /Users/anita/Cursor/PUBO/ios/Pubo/Pubo.xcodeproj -scheme Pubo -destination "platform=iOS Simulator,name=iPhone 17 Pro Max"

Resolve Package Graph


Resolved source packages:
  Firebase: https://github.com/firebase/firebase-ios-sdk @ 12.13.0
  GoogleUtilities: https://github.com/google/GoogleUtilities.git @ 8.1.0
  InteropForGoogle: https://github.com/google/interop-ios-for-google-sdks.git @ 101.0.0
  GTMSessionFetcher: https://github.com/google/gtm-session-fetcher.git @ 5.2.0
  AppCheck: https://github.com/google/app-check.git @ 11.2.0
  nanopb: https://github.com/firebase/nanopb.git @ 2.30910.0
  GoogleDataTransport: https://github.com/google/GoogleDataTransport.git @ 10.1.0
  gRPC: https://github.com/google/grpc-binary.git @ 1.69.1
  leveldb: https://github.com/firebase/leveldb.git @ 1.22.5
  GoogleAppMeasurement: https://github.com/google/GoogleAppMeasurement.git @ 12.13.0
  Promises: https://github.com/google/promises.git @ 2.4.0
  abseil: https://github.com/google/abseil-cpp-binary.git @ 1.2024072200.0
  GoogleAdsOnDeviceConversion: https://github.com/googleads/google-ads-on-device-conversion-ios-sdk @ 3.5.0

ComputePackagePrebuildTargetDependencyGraph

Prepare packages

CreateBuildRequest

SendProjectDescription

CreateBuildOperation

ComputeTargetDependencyGraph
note: Building targets in dependency order
note: Target dependency graph (96 targets)
    Target 'Pubo' in project 'Pubo'
        ➜ Explicit dependency on target 'PuboShare' in project 'Pubo'
        ➜ Explicit dependency on target 'FirebaseFunctions' in project 'Firebase'
        ➜ Explicit dependency on target 'FirebaseAuth' in project 'Firebase'
        ➜ Explicit dependency on target 'FirebaseAnalytics' in project 'Firebase'
        ➜ Explicit dependency on target 'FirebasePerformance' in project 'Firebase'
        ➜ Explicit dependency on target 'FirebaseFirestore' in project 'Firebase'
    Target 'FirebaseFirestore' in project 'Firebase'
        ➜ Explicit dependency on target 'FirebaseFirestoreTarget' in project 'Firebase'
        ➜ Explicit dependency on target 'FirebaseFirestoreInternalWrapper' in project 'Firebase'
        ➜ Explicit dependency on target 'FirebaseAppCheckInterop' in project 'Firebase'
        ➜ Explicit dependency on target 'Firebase' in project 'Firebase'
        ➜ Explicit dependency on target 'FirebaseCoreInternal' in project 'Firebase'
        ➜ Explicit dependency on target 'FirebaseCore' in project 'Firebase'
        ➜ Explicit dependency on target 'FirebaseCoreExtension' in project 'Firebase'
        ➜ Explicit dependency on target 'FirebaseSharedSwift' in project 'Firebase'
        ➜ Explicit dependency on target 'FirebaseFirestore' in project 'Firebase'
        ➜ Explicit dependency on target 'GULNSData' in project 'GoogleUtilities'
        ➜ Explicit dependency on target 'GULEnvironment' in project 'GoogleUtilities'
        ➜ Explicit dependency on target 'GULLogger' in project 'GoogleUtilities'
        ➜ Explicit dependency on target 'abseil' in project 'abseil'
        ➜ Explicit dependency on target 'gRPC-C++' in project 'gRPC'
        ➜ Explicit dependency on target 'nanopb' in project 'nanopb'
        ➜ Explicit dependency on target 'leveldb' in project 'leveldb'
    Target 'FirebaseFirestoreTarget' in project 'Firebase'
        ➜ Explicit dependency on target 'FirebaseFirestoreInternalWrapper' in project 'Firebase'
        ➜ Explicit dependency on target 'FirebaseAppCheckInterop' in project 'Firebase'
        ➜ Explicit dependency on target 'Firebase' in project 'Firebase'
        ➜ Explicit dependency on target 'FirebaseCoreInternal' in project 'Firebase'
        ➜ Explicit dependency on target 'FirebaseCore' in project 'Firebase'
        ➜ Explicit dependency on target 'FirebaseCoreExtension' in project 'Firebase'
        ➜ Explicit dependency on target 'FirebaseSharedSwift' in project 'Firebase'
        ➜ Explicit dependency on target 'FirebaseFirestore' in project 'Firebase'
        ➜ Explicit dependency on target 'GULNSData' in project 'GoogleUtilities'
        ➜ Explicit dependency on target 'GULEnvironment' in project 'GoogleUtilities'
        ➜ Explicit dependency on target 'GULLogger' in project 'GoogleUtilities'
        ➜ Explicit dependency on target 'abseil' in project 'abseil'
        ➜ Explicit dependency on target 'gRPC-C++' in project 'gRPC'
        ➜ Explicit dependency on target 'nanopb' in project 'nanopb'
        ➜ Explicit dependency on target 'leveldb' in project 'leveldb'
    Target 'FirebaseFirestore' in project 'Firebase'
        ➜ Explicit dependency on target 'Firebase_FirebaseFirestore' in project 'Firebase'
        ➜ Explicit dependency on target 'FirebaseFirestoreInternalWrapper' in project 'Firebase'
        ➜ Explicit dependency on target 'FirebaseAppCheckInterop' in project 'Firebase'
        ➜ Explicit dependency on target 'Firebase' in project 'Firebase'
        ➜ Explicit dependency on target 'FirebaseCoreInternal' in project 'Firebase'
        ➜ Explicit dependency on target 'FirebaseCore' in project 'Firebase'
        ➜ Explicit dependency on target 'FirebaseCoreExtension' in project 'Firebase'
        ➜ Explicit dependency on target 'FirebaseSharedSwift' in project 'Firebase'
        ➜ Explicit dependency on target 'GULNSData' in project 'GoogleUtilities'
        ➜ Explicit dependency on target 'GULEnvironment' in project 'GoogleUtilities'
        ➜ Explicit dependency on target 'GULLogger' in project 'GoogleUtilities'
        ➜ Explicit dependency on target 'abseil' in project 'abseil'
        ➜ Explicit dependency on target 'gRPC-C++' in project 'gRPC'
        ➜ Explicit dependency on target 'nanopb' in project 'nanopb'
        ➜ Explicit dependency on target 'leveldb' in project 'leveldb'
    Target 'leveldb' in project 'leveldb'
        ➜ Explicit dependency on target 'leveldb' in project 'leveldb'
        ➜ Explicit dependency on target 'leveldb_leveldb' in project 'leveldb'
    Target 'leveldb' in project 'leveldb'
        ➜ Explicit dependency on target 'leveldb_leveldb' in project 'leveldb'
    Target 'leveldb_leveldb' in project 'leveldb' (no dependencies)
    Target 'gRPC-C++' in project 'gRPC'
        ➜ Explicit dependency on target 'grpcppWrapper' in project 'gRPC'
        ➜ Explicit dependency on target 'gRPC_grpcppWrapper' in project 'gRPC'
        ➜ Explicit dependency on target 'grpcWrapper' in project 'gRPC'
        ➜ Explicit dependency on target 'opensslWrapper' in project 'gRPC'
        ➜ Explicit dependency on target 'abseil' in project 'abseil'
    Target 'grpcppWrapper' in project 'gRPC'
        ➜ Explicit dependency on target 'gRPC_grpcppWrapper' in project 'gRPC'
        ➜ Explicit dependency on target 'grpcWrapper' in project 'gRPC'
        ➜ Explicit dependency on target 'opensslWrapper' in project 'gRPC'
        ➜ Explicit dependency on target 'abseil' in project 'abseil'
    Target 'opensslWrapper' in project 'gRPC'
        ➜ Explicit dependency on target 'gRPC_opensslWrapper' in project 'gRPC'
    Target 'gRPC_opensslWrapper' in project 'gRPC' (no dependencies)
    Target 'grpcWrapper' in project 'gRPC'
        ➜ Explicit dependency on target 'gRPC_grpcWrapper' in project 'gRPC'
    Target 'gRPC_grpcWrapper' in project 'gRPC' (no dependencies)
    Target 'gRPC_grpcppWrapper' in project 'gRPC' (no dependencies)
    Target 'abseil' in project 'abseil'
        ➜ Explicit dependency on target 'abslWrapper' in project 'abseil'
        ➜ Explicit dependency on target 'abseil_abslWrapper' in project 'abseil'
    Target 'abslWrapper' in project 'abseil'
        ➜ Explicit dependency on target 'abseil_abslWrapper' in project 'abseil'
    Target 'abseil_abslWrapper' in project 'abseil' (no dependencies)
    Target 'Firebase_FirebaseFirestore' in project 'Firebase' (no dependencies)
    Target 'FirebaseFirestoreInternalWrapper' in project 'Firebase' (no dependencies)
    Target 'FirebasePerformance' in project 'Firebase'
        ➜ Explicit dependency on target 'FirebasePerformanceTarget' in project 'Firebase'
        ➜ Explicit dependency on target 'Firebase' in project 'Firebase'
        ➜ Explicit dependency on target 'FirebaseCoreInternal' in project 'Firebase'
        ➜ Explicit dependency on target 'FirebaseCore' in project 'Firebase'
        ➜ Explicit dependency on target 'FirebaseInstallations' in project 'Firebase'
        ➜ Explicit dependency on target 'FirebaseABTesting' in project 'Firebase'
        ➜ Explicit dependency on target 'FirebaseRemoteConfigInterop' in project 'Firebase'
        ➜ Explicit dependency on target 'FirebaseRemoteConfigInternal' in project 'Firebase'
        ➜ Explicit dependency on target 'FirebaseCoreExtension' in project 'Firebase'
        ➜ Explicit dependency on target 'FirebaseSessionsObjC' in project 'Firebase'
        ➜ Explicit dependency on target 'FirebaseSessions' in project 'Firebase'
        ➜ Explicit dependency on target 'FirebasePerformance' in project 'Firebase'
        ➜ Explicit dependency on target 'GULNSData' in project 'GoogleUtilities'
        ➜ Explicit dependency on target 'GULEnvironment' in project 'GoogleUtilities'
        ➜ Explicit dependency on target 'GULLogger' in project 'GoogleUtilities'
        ➜ Explicit dependency on target 'FBLPromises' in project 'Promises'
        ➜ Explicit dependency on target 'GULUserDefaults' in project 'GoogleUtilities'
        ➜ Explicit dependency on target 'nanopb' in project 'nanopb'
        ➜ Explicit dependency on target 'Promises' in project 'Promises'
        ➜ Explicit dependency on target 'GoogleDataTransport' in project 'GoogleDataTransport'
        ➜ Explicit dependency on target 'GULMethodSwizzler' in project 'GoogleUtilities'
    Target 'FirebasePerformanceTarget' in project 'Firebase'
        ➜ Explicit dependency on target 'Firebase' in project 'Firebase'
        ➜ Explicit dependency on target 'FirebaseCoreInternal' in project 'Firebase'
        ➜ Explicit dependency on target 'FirebaseCore' in project 'Firebase'
        ➜ Explicit dependency on target 'FirebaseInstallations' in project 'Firebase'
        ➜ Explicit dependency on target 'FirebaseABTesting' in project 'Firebase'
        ➜ Explicit dependency on target 'FirebaseRemoteConfigInterop' in project 'Firebase'
        ➜ Explicit dependency on target 'FirebaseRemoteConfigInternal' in project 'Firebase'
        ➜ Explicit dependency on target 'FirebaseCoreExtension' in project 'Firebase'
        ➜ Explicit dependency on target 'FirebaseSessionsObjC' in project 'Firebase'
        ➜ Explicit dependency on target 'FirebaseSessions' in project 'Firebase'
        ➜ Explicit dependency on target 'FirebasePerformance' in project 'Firebase'
        ➜ Explicit dependency on target 'GULNSData' in project 'GoogleUtilities'
        ➜ Explicit dependency on target 'GULEnvironment' in project 'GoogleUtilities'
        ➜ Explicit dependency on target 'GULLogger' in project 'GoogleUtilities'
        ➜ Explicit dependency on target 'FBLPromises' in project 'Promises'
        ➜ Explicit dependency on target 'GULUserDefaults' in project 'GoogleUtilities'
        ➜ Explicit dependency on target 'nanopb' in project 'nanopb'
        ➜ Explicit dependency on target 'Promises' in project 'Promises'
        ➜ Explicit dependency on target 'GoogleDataTransport' in project 'GoogleDataTransport'
        ➜ Explicit dependency on target 'GULMethodSwizzler' in project 'GoogleUtilities'
    Target 'FirebasePerformance' in project 'Firebase'
        ➜ Explicit dependency on target 'Firebase' in project 'Firebase'
        ➜ Explicit dependency on target 'FirebaseCoreInternal' in project 'Firebase'
        ➜ Explicit dependency on target 'FirebaseCore' in project 'Firebase'
        ➜ Explicit dependency on target 'FirebaseInstallations' in project 'Firebase'
        ➜ Explicit dependency on target 'FirebaseABTesting' in project 'Firebase'
        ➜ Explicit dependency on target 'FirebaseRemoteConfigInterop' in project 'Firebase'
        ➜ Explicit dependency on target 'FirebaseRemoteConfigInternal' in project 'Firebase'
        ➜ Explicit dependency on target 'FirebaseCoreExtension' in project 'Firebase'
        ➜ Explicit dependency on target 'FirebaseSessionsObjC' in project 'Firebase'
        ➜ Explicit dependency on target 'FirebaseSessions' in project 'Firebase'
        ➜ Explicit dependency on target 'GULNSData' in project 'GoogleUtilities'
        ➜ Explicit dependency on target 'GULEnvironment' in project 'GoogleUtilities'
        ➜ Explicit dependency on target 'GULLogger' in project 'GoogleUtilities'
        ➜ Explicit dependency on target 'FBLPromises' in project 'Promises'
        ➜ Explicit dependency on target 'GULUserDefaults' in project 'GoogleUtilities'
        ➜ Explicit dependency on target 'nanopb' in project 'nanopb'
        ➜ Explicit dependency on target 'Promises' in project 'Promises'
        ➜ Explicit dependency on target 'GoogleDataTransport' in project 'GoogleDataTransport'
        ➜ Explicit dependency on target 'GULMethodSwizzler' in project 'GoogleUtilities'
    Target 'FirebaseSessions' in project 'Firebase'
        ➜ Explicit dependency on target 'Firebase' in project 'Firebase'
        ➜ Explicit dependency on target 'FirebaseCoreInternal' in project 'Firebase'
        ➜ Explicit dependency on target 'FirebaseCore' in project 'Firebase'
        ➜ Explicit dependency on target 'FirebaseInstallations' in project 'Firebase'
        ➜ Explicit dependency on target 'FirebaseCoreExtension' in project 'Firebase'
        ➜ Explicit dependency on target 'FirebaseSessionsObjC' in project 'Firebase'
        ➜ Explicit dependency on target 'GULNSData' in project 'GoogleUtilities'
        ➜ Explicit dependency on target 'GULEnvironment' in project 'GoogleUtilities'
        ➜ Explicit dependency on target 'GULLogger' in project 'GoogleUtilities'
        ➜ Explicit dependency on target 'FBLPromises' in project 'Promises'
        ➜ Explicit dependency on target 'GULUserDefaults' in project 'GoogleUtilities'
        ➜ Explicit dependency on target 'nanopb' in project 'nanopb'
        ➜ Explicit dependency on target 'Promises' in project 'Promises'
        ➜ Explicit dependency on target 'GoogleDataTransport' in project 'GoogleDataTransport'
    Target 'GoogleDataTransport' in project 'GoogleDataTransport'
        ➜ Explicit dependency on target 'GoogleDataTransport' in project 'GoogleDataTransport'
        ➜ Explicit dependency on target 'GoogleDataTransport_GoogleDataTransport' in project 'GoogleDataTransport'
        ➜ Explicit dependency on target 'nanopb' in project 'nanopb'
        ➜ Explicit dependency on target 'FBLPromises' in project 'Promises'
    Target 'GoogleDataTransport' in project 'GoogleDataTransport'
        ➜ Explicit dependency on target 'GoogleDataTransport_GoogleDataTransport' in project 'GoogleDataTransport'
        ➜ Explicit dependency on target 'nanopb' in project 'nanopb'
        ➜ Explicit dependency on target 'FBLPromises' in project 'Promises'
    Target 'GoogleDataTransport_GoogleDataTransport' in project 'GoogleDataTransport' (no dependencies)
    Target 'Promises' in project 'Promises'
        ➜ Explicit dependency on target 'Promises' in project 'Promises'
        ➜ Explicit dependency on target 'Promises_Promises' in project 'Promises'
        ➜ Explicit dependency on target 'FBLPromises' in project 'Promises'
    Target 'Promises' in project 'Promises'
        ➜ Explicit dependency on target 'Promises_Promises' in project 'Promises'
        ➜ Explicit dependency on target 'FBLPromises' in project 'Promises'
    Target 'Promises_Promises' in project 'Promises' (no dependencies)
    Target 'FirebaseSessionsObjC' in project 'Firebase'
        ➜ Explicit dependency on target 'Firebase' in project 'Firebase'
        ➜ Explicit dependency on target 'FirebaseCoreInternal' in project 'Firebase'
        ➜ Explicit dependency on target 'FirebaseCore' in project 'Firebase'
        ➜ Explicit dependency on target 'FirebaseCoreExtension' in project 'Firebase'
        ➜ Explicit dependency on target 'GULNSData' in project 'GoogleUtilities'
        ➜ Explicit dependency on target 'GULEnvironment' in project 'GoogleUtilities'
        ➜ Explicit dependency on target 'GULLogger' in project 'GoogleUtilities'
        ➜ Explicit dependency on target 'nanopb' in project 'nanopb'
    Target 'FirebaseRemoteConfigInternal' in project 'Firebase'
        ➜ Explicit dependency on target 'Firebase' in project 'Firebase'
        ➜ Explicit dependency on target 'FirebaseCoreInternal' in project 'Firebase'
        ➜ Explicit dependency on target 'FirebaseCore' in project 'Firebase'
        ➜ Explicit dependency on target 'FirebaseABTesting' in project 'Firebase'
        ➜ Explicit dependency on target 'FirebaseInstallations' in project 'Firebase'
        ➜ Explicit dependency on target 'FirebaseRemoteConfigInterop' in project 'Firebase'
        ➜ Explicit dependency on target 'GULNSData' in project 'GoogleUtilities'
        ➜ Explicit dependency on target 'GULEnvironment' in project 'GoogleUtilities'
        ➜ Explicit dependency on target 'GULLogger' in project 'GoogleUtilities'
        ➜ Explicit dependency on target 'FBLPromises' in project 'Promises'
        ➜ Explicit dependency on target 'GULUserDefaults' in project 'GoogleUtilities'
    Target 'FirebaseRemoteConfigInterop' in project 'Firebase' (no dependencies)
    Target 'FirebaseABTesting' in project 'Firebase'
        ➜ Explicit dependency on target 'Firebase_FirebaseABTesting' in project 'Firebase'
        ➜ Explicit dependency on target 'Firebase' in project 'Firebase'
        ➜ Explicit dependency on target 'FirebaseCoreInternal' in project 'Firebase'
        ➜ Explicit dependency on target 'FirebaseCore' in project 'Firebase'
        ➜ Explicit dependency on target 'GULNSData' in project 'GoogleUtilities'
        ➜ Explicit dependency on target 'GULEnvironment' in project 'GoogleUtilities'
        ➜ Explicit dependency on target 'GULLogger' in project 'GoogleUtilities'
    Target 'Firebase_FirebaseABTesting' in project 'Firebase' (no dependencies)
    Target 'FirebaseAnalytics' in project 'Firebase'
        ➜ Explicit dependency on target 'FirebaseAnalyticsTarget' in project 'Firebase'
        ➜ Explicit dependency on target 'Firebase' in project 'Firebase'
        ➜ Explicit dependency on target 'FirebaseCoreInternal' in project 'Firebase'
        ➜ Explicit dependency on target 'FirebaseCore' in project 'Firebase'
        ➜ Explicit dependency on target 'FirebaseInstallations' in project 'Firebase'
        ➜ Explicit dependency on target 'FirebaseAnalyticsWrapper' in project 'Firebase'
        ➜ Explicit dependency on target 'GULNSData' in project 'GoogleUtilities'
        ➜ Explicit dependency on target 'GULEnvironment' in project 'GoogleUtilities'
        ➜ Explicit dependency on target 'GULLogger' in project 'GoogleUtilities'
        ➜ Explicit dependency on target 'FBLPromises' in project 'Promises'
        ➜ Explicit dependency on target 'GULUserDefaults' in project 'GoogleUtilities'
        ➜ Explicit dependency on target 'GoogleAppMeasurement' in project 'GoogleAppMeasurement'
        ➜ Explicit dependency on target 'GULAppDelegateSwizzler' in project 'GoogleUtilities'
        ➜ Explicit dependency on target 'GULMethodSwizzler' in project 'GoogleUtilities'
        ➜ Explicit dependency on target 'GULNetwork' in project 'GoogleUtilities'
        ➜ Explicit dependency on target 'nanopb' in project 'nanopb'
    Target 'FirebaseAnalyticsTarget' in project 'Firebase'
        ➜ Explicit dependency on target 'Firebase' in project 'Firebase'
        ➜ Explicit dependency on target 'FirebaseCoreInternal' in project 'Firebase'
        ➜ Explicit dependency on target 'FirebaseCore' in project 'Firebase'
        ➜ Explicit dependency on target 'FirebaseInstallations' in project 'Firebase'
        ➜ Explicit dependency on target 'FirebaseAnalyticsWrapper' in project 'Firebase'
        ➜ Explicit dependency on target 'GULNSData' in project 'GoogleUtilities'
        ➜ Explicit dependency on target 'GULEnvironment' in project 'GoogleUtilities'
        ➜ Explicit dependency on target 'GULLogger' in project 'GoogleUtilities'
        ➜ Explicit dependency on target 'FBLPromises' in project 'Promises'
        ➜ Explicit dependency on target 'GULUserDefaults' in project 'GoogleUtilities'
        ➜ Explicit dependency on target 'GoogleAppMeasurement' in project 'GoogleAppMeasurement'
        ➜ Explicit dependency on target 'GULAppDelegateSwizzler' in project 'GoogleUtilities'
        ➜ Explicit dependency on target 'GULMethodSwizzler' in project 'GoogleUtilities'
        ➜ Explicit dependency on target 'GULNetwork' in project 'GoogleUtilities'
        ➜ Explicit dependency on target 'nanopb' in project 'nanopb'
    Target 'FirebaseAnalyticsWrapper' in project 'Firebase'
        ➜ Explicit dependency on target 'Firebase' in project 'Firebase'
        ➜ Explicit dependency on target 'FirebaseCoreInternal' in project 'Firebase'
        ➜ Explicit dependency on target 'FirebaseCore' in project 'Firebase'
        ➜ Explicit dependency on target 'FirebaseInstallations' in project 'Firebase'
        ➜ Explicit dependency on target 'GULNSData' in project 'GoogleUtilities'
        ➜ Explicit dependency on target 'GULEnvironment' in project 'GoogleUtilities'
        ➜ Explicit dependency on target 'GULLogger' in project 'GoogleUtilities'
        ➜ Explicit dependency on target 'FBLPromises' in project 'Promises'
        ➜ Explicit dependency on target 'GULUserDefaults' in project 'GoogleUtilities'
        ➜ Explicit dependency on target 'GoogleAppMeasurement' in project 'GoogleAppMeasurement'
        ➜ Explicit dependency on target 'GULAppDelegateSwizzler' in project 'GoogleUtilities'
        ➜ Explicit dependency on target 'GULMethodSwizzler' in project 'GoogleUtilities'
        ➜ Explicit dependency on target 'GULNetwork' in project 'GoogleUtilities'
        ➜ Explicit dependency on target 'nanopb' in project 'nanopb'
    Target 'GoogleAppMeasurement' in project 'GoogleAppMeasurement'
        ➜ Explicit dependency on target 'GoogleAppMeasurementTarget' in project 'GoogleAppMeasurement'
        ➜ Explicit dependency on target 'GULAppDelegateSwizzler' in project 'GoogleUtilities'
        ➜ Explicit dependency on target 'GULMethodSwizzler' in project 'GoogleUtilities'
        ➜ Explicit dependency on target 'GULNSData' in project 'GoogleUtilities'
        ➜ Explicit dependency on target 'GULNetwork' in project 'GoogleUtilities'
        ➜ Explicit dependency on target 'GULLogger' in project 'GoogleUtilities'
        ➜ Explicit dependency on target 'GULEnvironment' in project 'GoogleUtilities'
        ➜ Explicit dependency on target 'nanopb' in project 'nanopb'
        ➜ Explicit dependency on target 'GoogleAdsOnDeviceConversion' in project 'GoogleAdsOnDeviceConversion'
    Target 'GoogleAppMeasurementTarget' in project 'GoogleAppMeasurement'
        ➜ Explicit dependency on target 'GULAppDelegateSwizzler' in project 'GoogleUtilities'
        ➜ Explicit dependency on target 'GULMethodSwizzler' in project 'GoogleUtilities'
        ➜ Explicit dependency on target 'GULNSData' in project 'GoogleUtilities'
        ➜ Explicit dependency on target 'GULNetwork' in project 'GoogleUtilities'
        ➜ Explicit dependency on target 'GULLogger' in project 'GoogleUtilities'
        ➜ Explicit dependency on target 'GULEnvironment' in project 'GoogleUtilities'
        ➜ Explicit dependency on target 'nanopb' in project 'nanopb'
        ➜ Explicit dependency on target 'GoogleAdsOnDeviceConversion' in project 'GoogleAdsOnDeviceConversion'
    Target 'GoogleAdsOnDeviceConversion' in project 'GoogleAdsOnDeviceConversion'
        ➜ Explicit dependency on target 'GoogleAdsOnDeviceConversionTarget' in project 'GoogleAdsOnDeviceConversion'
        ➜ Explicit dependency on target 'GULEnvironment' in project 'GoogleUtilities'
        ➜ Explicit dependency on target 'GULLogger' in project 'GoogleUtilities'
        ➜ Explicit dependency on target 'GULNetwork' in project 'GoogleUtilities'
        ➜ Explicit dependency on target 'nanopb' in project 'nanopb'
    Target 'GoogleAdsOnDeviceConversionTarget' in project 'GoogleAdsOnDeviceConversion'
        ➜ Explicit dependency on target 'GULEnvironment' in project 'GoogleUtilities'
        ➜ Explicit dependency on target 'GULLogger' in project 'GoogleUtilities'
        ➜ Explicit dependency on target 'GULNetwork' in project 'GoogleUtilities'
        ➜ Explicit dependency on target 'nanopb' in project 'nanopb'
    Target 'nanopb' in project 'nanopb'
        ➜ Explicit dependency on target 'nanopb' in project 'nanopb'
        ➜ Explicit dependency on target 'nanopb_nanopb' in project 'nanopb'
    Target 'nanopb' in project 'nanopb'
        ➜ Explicit dependency on target 'nanopb_nanopb' in project 'nanopb'
    Target 'nanopb_nanopb' in project 'nanopb' (no dependencies)
    Target 'GULNetwork' in project 'GoogleUtilities'
        ➜ Explicit dependency on target 'GoogleUtilities-Network' in project 'GoogleUtilities'
        ➜ Explicit dependency on target 'GoogleUtilities_GoogleUtilities-Network' in project 'GoogleUtilities'
        ➜ Explicit dependency on target 'third-party-IsAppEncrypted' in project 'GoogleUtilities'
        ➜ Explicit dependency on target 'GoogleUtilities-Environment' in project 'GoogleUtilities'
        ➜ Explicit dependency on target 'GoogleUtilities-Logger' in project 'GoogleUtilities'
        ➜ Explicit dependency on target 'GoogleUtilities-NSData' in project 'GoogleUtilities'
        ➜ Explicit dependency on target 'GoogleUtilities-Reachability' in project 'GoogleUtilities'
    Target 'GULMethodSwizzler' in project 'GoogleUtilities'
        ➜ Explicit dependency on target 'GoogleUtilities-MethodSwizzler' in project 'GoogleUtilities'
        ➜ Explicit dependency on target 'GoogleUtilities_GoogleUtilities-MethodSwizzler' in project 'GoogleUtilities'
        ➜ Explicit dependency on target 'third-party-IsAppEncrypted' in project 'GoogleUtilities'
        ➜ Explicit dependency on target 'GoogleUtilities-Environment' in project 'GoogleUtilities'
        ➜ Explicit dependency on target 'GoogleUtilities-Logger' in project 'GoogleUtilities'
    Target 'GoogleUtilities-MethodSwizzler' in project 'GoogleUtilities'
        ➜ Explicit dependency on target 'GoogleUtilities_GoogleUtilities-MethodSwizzler' in project 'GoogleUtilities'
        ➜ Explicit dependency on target 'third-party-IsAppEncrypted' in project 'GoogleUtilities'
        ➜ Explicit dependency on target 'GoogleUtilities-Environment' in project 'GoogleUtilities'
        ➜ Explicit dependency on target 'GoogleUtilities-Logger' in project 'GoogleUtilities'
    Target 'GoogleUtilities_GoogleUtilities-MethodSwizzler' in project 'GoogleUtilities' (no dependencies)
    Target 'FirebaseInstallations' in project 'Firebase'
        ➜ Explicit dependency on target 'Firebase_FirebaseInstallations' in project 'Firebase'
        ➜ Explicit dependency on target 'Firebase' in project 'Firebase'
        ➜ Explicit dependency on target 'FirebaseCoreInternal' in project 'Firebase'
        ➜ Explicit dependency on target 'FirebaseCore' in project 'Firebase'
        ➜ Explicit dependency on target 'GULNSData' in project 'GoogleUtilities'
        ➜ Explicit dependency on target 'GULEnvironment' in project 'GoogleUtilities'
        ➜ Explicit dependency on target 'GULLogger' in project 'GoogleUtilities'
        ➜ Explicit dependency on target 'FBLPromises' in project 'Promises'
        ➜ Explicit dependency on target 'GULUserDefaults' in project 'GoogleUtilities'
    Target 'GULUserDefaults' in project 'GoogleUtilities'
        ➜ Explicit dependency on target 'GoogleUtilities-UserDefaults' in project 'GoogleUtilities'
        ➜ Explicit dependency on target 'GoogleUtilities_GoogleUtilities-UserDefaults' in project 'GoogleUtilities'
        ➜ Explicit dependency on target 'third-party-IsAppEncrypted' in project 'GoogleUtilities'
        ➜ Explicit dependency on target 'GoogleUtilities-Environment' in project 'GoogleUtilities'
        ➜ Explicit dependency on target 'GoogleUtilities-Logger' in project 'GoogleUtilities'
    Target 'GoogleUtilities-UserDefaults' in project 'GoogleUtilities'
        ➜ Explicit dependency on target 'GoogleUtilities_GoogleUtilities-UserDefaults' in project 'GoogleUtilities'
        ➜ Explicit dependency on target 'third-party-IsAppEncrypted' in project 'GoogleUtilities'
        ➜ Explicit dependency on target 'GoogleUtilities-Environment' in project 'GoogleUtilities'
        ➜ Explicit dependency on target 'GoogleUtilities-Logger' in project 'GoogleUtilities'
    Target 'GoogleUtilities_GoogleUtilities-UserDefaults' in project 'GoogleUtilities' (no dependencies)
    Target 'FBLPromises' in project 'Promises'
        ➜ Explicit dependency on target 'FBLPromises' in project 'Promises'
        ➜ Explicit dependency on target 'Promises_FBLPromises' in project 'Promises'
    Target 'FBLPromises' in project 'Promises'
        ➜ Explicit dependency on target 'Promises_FBLPromises' in project 'Promises'
    Target 'Promises_FBLPromises' in project 'Promises' (no dependencies)
    Target 'Firebase_FirebaseInstallations' in project 'Firebase' (no dependencies)
    Target 'FirebaseAuth' in project 'Firebase'
        ➜ Explicit dependency on target 'FirebaseAuth' in project 'Firebase'
        ➜ Explicit dependency on target 'Firebase_FirebaseAuth' in project 'Firebase'
        ➜ Explicit dependency on target 'FirebaseAppCheckInterop' in project 'Firebase'
        ➜ Explicit dependency on target 'FirebaseAuthInterop' in project 'Firebase'
        ➜ Explicit dependency on target 'FirebaseAuthInternal' in project 'Firebase'
        ➜ Explicit dependency on target 'Firebase' in project 'Firebase'
        ➜ Explicit dependency on target 'FirebaseCoreInternal' in project 'Firebase'
        ➜ Explicit dependency on target 'FirebaseCore' in project 'Firebase'
        ➜ Explicit dependency on target 'FirebaseCoreExtension' in project 'Firebase'
        ➜ Explicit dependency on target 'RecaptchaInterop' in project 'InteropForGoogle'
        ➜ Explicit dependency on target 'GULNSData' in project 'GoogleUtilities'
        ➜ Explicit dependency on target 'GULEnvironment' in project 'GoogleUtilities'
        ➜ Explicit dependency on target 'GULLogger' in project 'GoogleUtilities'
        ➜ Explicit dependency on target 'GULAppDelegateSwizzler' in project 'GoogleUtilities'
        ➜ Explicit dependency on target 'GTMSessionFetcherCore' in project 'GTMSessionFetcher'
    Target 'FirebaseAuth' in project 'Firebase'
        ➜ Explicit dependency on target 'Firebase_FirebaseAuth' in project 'Firebase'
        ➜ Explicit dependency on target 'FirebaseAppCheckInterop' in project 'Firebase'
        ➜ Explicit dependency on target 'FirebaseAuthInterop' in project 'Firebase'
        ➜ Explicit dependency on target 'FirebaseAuthInternal' in project 'Firebase'
        ➜ Explicit dependency on target 'Firebase' in project 'Firebase'
        ➜ Explicit dependency on target 'FirebaseCoreInternal' in project 'Firebase'
        ➜ Explicit dependency on target 'FirebaseCore' in project 'Firebase'
        ➜ Explicit dependency on target 'FirebaseCoreExtension' in project 'Firebase'
        ➜ Explicit dependency on target 'RecaptchaInterop' in project 'InteropForGoogle'
        ➜ Explicit dependency on target 'GULNSData' in project 'GoogleUtilities'
        ➜ Explicit dependency on target 'GULEnvironment' in project 'GoogleUtilities'
        ➜ Explicit dependency on target 'GULLogger' in project 'GoogleUtilities'
        ➜ Explicit dependency on target 'GULAppDelegateSwizzler' in project 'GoogleUtilities'
        ➜ Explicit dependency on target 'GTMSessionFetcherCore' in project 'GTMSessionFetcher'
    Target 'GULAppDelegateSwizzler' in project 'GoogleUtilities'
        ➜ Explicit dependency on target 'GoogleUtilities-AppDelegateSwizzler' in project 'GoogleUtilities'
        ➜ Explicit dependency on target 'GoogleUtilities_GoogleUtilities-AppDelegateSwizzler' in project 'GoogleUtilities'
        ➜ Explicit dependency on target 'third-party-IsAppEncrypted' in project 'GoogleUtilities'
        ➜ Explicit dependency on target 'GoogleUtilities-Environment' in project 'GoogleUtilities'
        ➜ Explicit dependency on target 'GoogleUtilities-Logger' in project 'GoogleUtilities'
        ➜ Explicit dependency on target 'GoogleUtilities-NSData' in project 'GoogleUtilities'
        ➜ Explicit dependency on target 'GoogleUtilities-Reachability' in project 'GoogleUtilities'
        ➜ Explicit dependency on target 'GoogleUtilities-Network' in project 'GoogleUtilities'
    Target 'GoogleUtilities-AppDelegateSwizzler' in project 'GoogleUtilities'
        ➜ Explicit dependency on target 'GoogleUtilities_GoogleUtilities-AppDelegateSwizzler' in project 'GoogleUtilities'
        ➜ Explicit dependency on target 'third-party-IsAppEncrypted' in project 'GoogleUtilities'
        ➜ Explicit dependency on target 'GoogleUtilities-Environment' in project 'GoogleUtilities'
        ➜ Explicit dependency on target 'GoogleUtilities-Logger' in project 'GoogleUtilities'
        ➜ Explicit dependency on target 'GoogleUtilities-NSData' in project 'GoogleUtilities'
        ➜ Explicit dependency on target 'GoogleUtilities-Reachability' in project 'GoogleUtilities'
        ➜ Explicit dependency on target 'GoogleUtilities-Network' in project 'GoogleUtilities'
    Target 'GoogleUtilities-Network' in project 'GoogleUtilities'
        ➜ Explicit dependency on target 'GoogleUtilities_GoogleUtilities-Network' in project 'GoogleUtilities'
        ➜ Explicit dependency on target 'third-party-IsAppEncrypted' in project 'GoogleUtilities'
        ➜ Explicit dependency on target 'GoogleUtilities-Environment' in project 'GoogleUtilities'
        ➜ Explicit dependency on target 'GoogleUtilities-Logger' in project 'GoogleUtilities'
        ➜ Explicit dependency on target 'GoogleUtilities-NSData' in project 'GoogleUtilities'
        ➜ Explicit dependency on target 'GoogleUtilities-Reachability' in project 'GoogleUtilities'
    Target 'GoogleUtilities_GoogleUtilities-Network' in project 'GoogleUtilities' (no dependencies)
    Target 'GoogleUtilities-Reachability' in project 'GoogleUtilities'
        ➜ Explicit dependency on target 'GoogleUtilities_GoogleUtilities-Reachability' in project 'GoogleUtilities'
        ➜ Explicit dependency on target 'third-party-IsAppEncrypted' in project 'GoogleUtilities'
        ➜ Explicit dependency on target 'GoogleUtilities-Environment' in project 'GoogleUtilities'
        ➜ Explicit dependency on target 'GoogleUtilities-Logger' in project 'GoogleUtilities'
    Target 'GoogleUtilities_GoogleUtilities-Reachability' in project 'GoogleUtilities' (no dependencies)
    Target 'GoogleUtilities_GoogleUtilities-AppDelegateSwizzler' in project 'GoogleUtilities' (no dependencies)
    Target 'FirebaseAuthInternal' in project 'Firebase'
        ➜ Explicit dependency on target 'RecaptchaInterop' in project 'InteropForGoogle'
    Target 'RecaptchaInterop' in project 'InteropForGoogle'
        ➜ Explicit dependency on target 'RecaptchaInterop' in project 'InteropForGoogle'
    Target 'RecaptchaInterop' in project 'InteropForGoogle' (no dependencies)
    Target 'Firebase_FirebaseAuth' in project 'Firebase' (no dependencies)
    Target 'FirebaseFunctions' in project 'Firebase'
        ➜ Explicit dependency on target 'FirebaseFunctions' in project 'Firebase'
        ➜ Explicit dependency on target 'FirebaseAppCheckInterop' in project 'Firebase'
        ➜ Explicit dependency on target 'FirebaseAuthInterop' in project 'Firebase'
        ➜ Explicit dependency on target 'Firebase' in project 'Firebase'
        ➜ Explicit dependency on target 'FirebaseCoreInternal' in project 'Firebase'
        ➜ Explicit dependency on target 'FirebaseCore' in project 'Firebase'
        ➜ Explicit dependency on target 'FirebaseCoreExtension' in project 'Firebase'
        ➜ Explicit dependency on target 'FirebaseMessagingInterop' in project 'Firebase'
        ➜ Explicit dependency on target 'FirebaseSharedSwift' in project 'Firebase'
        ➜ Explicit dependency on target 'GULNSData' in project 'GoogleUtilities'
        ➜ Explicit dependency on target 'GULEnvironment' in project 'GoogleUtilities'
        ➜ Explicit dependency on target 'GULLogger' in project 'GoogleUtilities'
        ➜ Explicit dependency on target 'GTMSessionFetcherCore' in project 'GTMSessionFetcher'
    Target 'FirebaseFunctions' in project 'Firebase'
        ➜ Explicit dependency on target 'FirebaseAppCheckInterop' in project 'Firebase'
        ➜ Explicit dependency on target 'FirebaseAuthInterop' in project 'Firebase'
        ➜ Explicit dependency on target 'Firebase' in project 'Firebase'
        ➜ Explicit dependency on target 'FirebaseCoreInternal' in project 'Firebase'
        ➜ Explicit dependency on target 'FirebaseCore' in project 'Firebase'
        ➜ Explicit dependency on target 'FirebaseCoreExtension' in project 'Firebase'
        ➜ Explicit dependency on target 'FirebaseMessagingInterop' in project 'Firebase'
        ➜ Explicit dependency on target 'FirebaseSharedSwift' in project 'Firebase'
        ➜ Explicit dependency on target 'GULNSData' in project 'GoogleUtilities'
        ➜ Explicit dependency on target 'GULEnvironment' in project 'GoogleUtilities'
        ➜ Explicit dependency on target 'GULLogger' in project 'GoogleUtilities'
        ➜ Explicit dependency on target 'GTMSessionFetcherCore' in project 'GTMSessionFetcher'
    Target 'GTMSessionFetcherCore' in project 'GTMSessionFetcher'
        ➜ Explicit dependency on target 'GTMSessionFetcherCore' in project 'GTMSessionFetcher'
        ➜ Explicit dependency on target 'GTMSessionFetcher_GTMSessionFetcherCore' in project 'GTMSessionFetcher'
    Target 'GTMSessionFetcherCore' in project 'GTMSessionFetcher'
        ➜ Explicit dependency on target 'GTMSessionFetcher_GTMSessionFetcherCore' in project 'GTMSessionFetcher'
    Target 'GTMSessionFetcher_GTMSessionFetcherCore' in project 'GTMSessionFetcher' (no dependencies)
    Target 'FirebaseSharedSwift' in project 'Firebase' (no dependencies)
    Target 'FirebaseMessagingInterop' in project 'Firebase' (no dependencies)
    Target 'FirebaseCoreExtension' in project 'Firebase'
        ➜ Explicit dependency on target 'Firebase_FirebaseCoreExtension' in project 'Firebase'
    Target 'Firebase_FirebaseCoreExtension' in project 'Firebase' (no dependencies)
    Target 'FirebaseCore' in project 'Firebase'
        ➜ Explicit dependency on target 'Firebase_FirebaseCore' in project 'Firebase'
        ➜ Explicit dependency on target 'Firebase' in project 'Firebase'
        ➜ Explicit dependency on target 'FirebaseCoreInternal' in project 'Firebase'
        ➜ Explicit dependency on target 'GULNSData' in project 'GoogleUtilities'
        ➜ Explicit dependency on target 'GULEnvironment' in project 'GoogleUtilities'
        ➜ Explicit dependency on target 'GULLogger' in project 'GoogleUtilities'
    Target 'GULLogger' in project 'GoogleUtilities'
        ➜ Explicit dependency on target 'GoogleUtilities-Logger' in project 'GoogleUtilities'
        ➜ Explicit dependency on target 'GoogleUtilities_GoogleUtilities-Logger' in project 'GoogleUtilities'
        ➜ Explicit dependency on target 'third-party-IsAppEncrypted' in project 'GoogleUtilities'
        ➜ Explicit dependency on target 'GoogleUtilities-Environment' in project 'GoogleUtilities'
    Target 'GoogleUtilities-Logger' in project 'GoogleUtilities'
        ➜ Explicit dependency on target 'GoogleUtilities_GoogleUtilities-Logger' in project 'GoogleUtilities'
        ➜ Explicit dependency on target 'third-party-IsAppEncrypted' in project 'GoogleUtilities'
        ➜ Explicit dependency on target 'GoogleUtilities-Environment' in project 'GoogleUtilities'
    Target 'GoogleUtilities_GoogleUtilities-Logger' in project 'GoogleUtilities' (no dependencies)
    Target 'GULEnvironment' in project 'GoogleUtilities'
        ➜ Explicit dependency on target 'GoogleUtilities-Environment' in project 'GoogleUtilities'
        ➜ Explicit dependency on target 'GoogleUtilities_GoogleUtilities-Environment' in project 'GoogleUtilities'
        ➜ Explicit dependency on target 'third-party-IsAppEncrypted' in project 'GoogleUtilities'
    Target 'GoogleUtilities-Environment' in project 'GoogleUtilities'
        ➜ Explicit dependency on target 'GoogleUtilities_GoogleUtilities-Environment' in project 'GoogleUtilities'
        ➜ Explicit dependency on target 'third-party-IsAppEncrypted' in project 'GoogleUtilities'
    Target 'third-party-IsAppEncrypted' in project 'GoogleUtilities' (no dependencies)
    Target 'GoogleUtilities_GoogleUtilities-Environment' in project 'GoogleUtilities' (no dependencies)
    Target 'Firebase_FirebaseCore' in project 'Firebase' (no dependencies)
    Target 'FirebaseCoreInternal' in project 'Firebase'
        ➜ Explicit dependency on target 'Firebase_FirebaseCoreInternal' in project 'Firebase'
        ➜ Explicit dependency on target 'GULNSData' in project 'GoogleUtilities'
    Target 'GULNSData' in project 'GoogleUtilities'
        ➜ Explicit dependency on target 'GoogleUtilities-NSData' in project 'GoogleUtilities'
        ➜ Explicit dependency on target 'GoogleUtilities_GoogleUtilities-NSData' in project 'GoogleUtilities'
    Target 'GoogleUtilities-NSData' in project 'GoogleUtilities'
        ➜ Explicit dependency on target 'GoogleUtilities_GoogleUtilities-NSData' in project 'GoogleUtilities'
    Target 'GoogleUtilities_GoogleUtilities-NSData' in project 'GoogleUtilities' (no dependencies)
    Target 'Firebase_FirebaseCoreInternal' in project 'Firebase' (no dependencies)
    Target 'Firebase' in project 'Firebase' (no dependencies)
    Target 'FirebaseAuthInterop' in project 'Firebase' (no dependencies)
    Target 'FirebaseAppCheckInterop' in project 'Firebase' (no dependencies)
    Target 'PuboShare' in project 'Pubo' (no dependencies)

GatherProvisioningInputs

CreateBuildDescription

ExecuteExternalTool /Applications/Xcode.app/Contents/Developer/Toolchains/XcodeDefault.xctoolchain/usr/bin/swiftc --version

ExecuteExternalTool /Applications/Xcode.app/Contents/Developer/usr/bin/ibtool --version --output-format xml1

ExecuteExternalTool /Applications/Xcode.app/Contents/Developer/Toolchains/XcodeDefault.xctoolchain/usr/bin/clang -v -E -dM -arch arm64 -isysroot /Applications/Xcode.app/Contents/Developer/Platforms/iPhoneSimulator.platform/Developer/SDKs/iPhoneSimulator26.2.sdk -x objective-c -c /dev/null

ExecuteExternalTool /Applications/Xcode.app/Contents/Developer/Toolchains/XcodeDefault.xctoolchain/usr/bin/clang -v -E -dM -isysroot /Applications/Xcode.app/Contents/Developer/Platforms/iPhoneSimulator.platform/Developer/SDKs/iPhoneSimulator26.2.sdk -x c -c /dev/null

ExecuteExternalTool /Applications/Xcode.app/Contents/Developer/Toolchains/XcodeDefault.xctoolchain/usr/bin/clang -v -E -dM -arch arm64 -isysroot /Applications/Xcode.app/Contents/Developer/Platforms/iPhoneSimulator.platform/Developer/SDKs/iPhoneSimulator26.2.sdk -x c -c /dev/null

ExecuteExternalTool /Applications/Xcode.app/Contents/Developer/Toolchains/XcodeDefault.xctoolchain/usr/bin/ld -version_details

ExecuteExternalTool /Applications/Xcode.app/Contents/Developer/usr/bin/actool --print-asset-tag-combinations --output-format xml1 /Users/anita/Cursor/PUBO/ios/Pubo/Pubo/Assets.xcassets

ExecuteExternalTool /Applications/Xcode.app/Contents/Developer/usr/bin/actool --version --output-format xml1

ExecuteExternalTool /Applications/Xcode.app/Contents/Developer/Toolchains/XcodeDefault.xctoolchain/usr/bin/clang -v -E -dM -arch arm64 -isysroot /Applications/Xcode.app/Contents/Developer/Platforms/iPhoneSimulator.platform/Developer/SDKs/iPhoneSimulator26.2.sdk -x c++ -c /dev/null

Build description signature: 4e76db023b45039ea3f4f718232e525d
Build description path: /Users/anita/Library/Developer/Xcode/DerivedData/Pubo-ffdsuafbzbosfghixevxzoavgcwm/Build/Intermediates.noindex/XCBuildData/4e76db023b45039ea3f4f718232e525d.xcbuilddata
ClangStatCache /Applications/Xcode.app/Contents/Developer/Toolchains/XcodeDefault.xctoolchain/usr/bin/clang-stat-cache /Applications/Xcode.app/Contents/Developer/Platforms/iPhoneSimulator.platform/Developer/SDKs/iPhoneSimulator26.2.sdk /Users/anita/Library/Developer/Xcode/DerivedData/SDKStatCaches.noindex/iphonesimulator26.2-23C53-7d00a8b37fbd7999ea79df8ebc024bf0.sdkstatcache
    cd /Users/anita/Cursor/PUBO/ios/Pubo/Pubo.xcodeproj
    /Applications/Xcode.app/Contents/Developer/Toolchains/XcodeDefault.xctoolchain/usr/bin/clang-stat-cache /Applications/Xcode.app/Contents/Developer/Platforms/iPhoneSimulator.platform/Developer/SDKs/iPhoneSimulator26.2.sdk -o /Users/anita/Library/Developer/Xcode/DerivedData/SDKStatCaches.noindex/iphonesimulator26.2-23C53-7d00a8b37fbd7999ea79df8ebc024bf0.sdkstatcache

ProcessProductPackaging /Users/anita/Cursor/PUBO/ios/Pubo/PuboShare/PuboShare.entitlements /Users/anita/Library/Developer/Xcode/DerivedData/Pubo-ffdsuafbzbosfghixevxzoavgcwm/Build/Intermediates.noindex/Pubo.build/Debug-iphonesimulator/PuboShare.build/PuboShare.appex.xcent (in target 'PuboShare' from project 'Pubo')
    cd /Users/anita/Cursor/PUBO/ios/Pubo
    
    Entitlements:
    
    {
}
    
    builtin-productPackagingUtility /Users/anita/Cursor/PUBO/ios/Pubo/PuboShare/PuboShare.entitlements -entitlements -format xml -o /Users/anita/Library/Developer/Xcode/DerivedData/Pubo-ffdsuafbzbosfghixevxzoavgcwm/Build/Intermediates.noindex/Pubo.build/Debug-iphonesimulator/PuboShare.build/PuboShare.appex.xcent

ProcessInfoPlistFile /Users/anita/Library/Developer/Xcode/DerivedData/Pubo-ffdsuafbzbosfghixevxzoavgcwm/Build/Products/Debug-iphonesimulator/gRPC_opensslWrapper.bundle/Info.plist /Users/anita/Library/Developer/Xcode/DerivedData/Pubo-ffdsuafbzbosfghixevxzoavgcwm/Build/Intermediates.noindex/gRPC.build/Debug-iphonesimulator/gRPC_opensslWrapper.build/empty-gRPC_opensslWrapper.plist (in target 'gRPC_opensslWrapper' from project 'gRPC')
    cd /Users/anita/Library/Developer/Xcode/DerivedData/Pubo-ffdsuafbzbosfghixevxzoavgcwm/SourcePackages/checkouts/grpc-binary
    builtin-infoPlistUtility /Users/anita/Library/Developer/Xcode/DerivedData/Pubo-ffdsuafbzbosfghixevxzoavgcwm/Build/Intermediates.noindex/gRPC.build/Debug-iphonesimulator/gRPC_opensslWrapper.build/empty-gRPC_opensslWrapper.plist -producttype com.apple.product-type.bundle -expandbuildsettings -format binary -platform iphonesimulator -o /Users/anita/Library/Developer/Xcode/DerivedData/Pubo-ffdsuafbzbosfghixevxzoavgcwm/Build/Products/Debug-iphonesimulator/gRPC_opensslWrapper.bundle/Info.plist

ProcessInfoPlistFile /Users/anita/Library/Developer/Xcode/DerivedData/Pubo-ffdsuafbzbosfghixevxzoavgcwm/Build/Products/Debug-iphonesimulator/nanopb_nanopb.bundle/Info.plist /Users/anita/Library/Developer/Xcode/DerivedData/Pubo-ffdsuafbzbosfghixevxzoavgcwm/Build/Intermediates.noindex/nanopb.build/Debug-iphonesimulator/nanopb_nanopb.build/empty-nanopb_nanopb.plist (in target 'nanopb_nanopb' from project 'nanopb')
    cd /Users/anita/Library/Developer/Xcode/DerivedData/Pubo-ffdsuafbzbosfghixevxzoavgcwm/SourcePackages/checkouts/nanopb
    builtin-infoPlistUtility /Users/anita/Library/Developer/Xcode/DerivedData/Pubo-ffdsuafbzbosfghixevxzoavgcwm/Build/Intermediates.noindex/nanopb.build/Debug-iphonesimulator/nanopb_nanopb.build/empty-nanopb_nanopb.plist -producttype com.apple.product-type.bundle -expandbuildsettings -format binary -platform iphonesimulator -o /Users/anita/Library/Developer/Xcode/DerivedData/Pubo-ffdsuafbzbosfghixevxzoavgcwm/Build/Products/Debug-iphonesimulator/nanopb_nanopb.bundle/Info.plist

ProcessInfoPlistFile /Users/anita/Library/Developer/Xcode/DerivedData/Pubo-ffdsuafbzbosfghixevxzoavgcwm/Build/Products/Debug-iphonesimulator/gRPC_grpcppWrapper.bundle/Info.plist /Users/anita/Library/Developer/Xcode/DerivedData/Pubo-ffdsuafbzbosfghixevxzoavgcwm/Build/Intermediates.noindex/gRPC.build/Debug-iphonesimulator/gRPC_grpcppWrapper.build/empty-gRPC_grpcppWrapper.plist (in target 'gRPC_grpcppWrapper' from project 'gRPC')
    cd /Users/anita/Library/Developer/Xcode/DerivedData/Pubo-ffdsuafbzbosfghixevxzoavgcwm/SourcePackages/checkouts/grpc-binary
    builtin-infoPlistUtility /Users/anita/Library/Developer/Xcode/DerivedData/Pubo-ffdsuafbzbosfghixevxzoavgcwm/Build/Intermediates.noindex/gRPC.build/Debug-iphonesimulator/gRPC_grpcppWrapper.build/empty-gRPC_grpcppWrapper.plist -producttype com.apple.product-type.bundle -expandbuildsettings -format binary -platform iphonesimulator -o /Users/anita/Library/Developer/Xcode/DerivedData/Pubo-ffdsuafbzbosfghixevxzoavgcwm/Build/Products/Debug-iphonesimulator/gRPC_grpcppWrapper.bundle/Info.plist

ProcessInfoPlistFile /Users/anita/Library/Developer/Xcode/DerivedData/Pubo-ffdsuafbzbosfghixevxzoavgcwm/Build/Products/Debug-iphonesimulator/leveldb_leveldb.bundle/Info.plist /Users/anita/Library/Developer/Xcode/DerivedData/Pubo-ffdsuafbzbosfghixevxzoavgcwm/Build/Intermediates.noindex/leveldb.build/Debug-iphonesimulator/leveldb_leveldb.build/empty-leveldb_leveldb.plist (in target 'leveldb_leveldb' from project 'leveldb')
    cd /Users/anita/Library/Developer/Xcode/DerivedData/Pubo-ffdsuafbzbosfghixevxzoavgcwm/SourcePackages/checkouts/leveldb
    builtin-infoPlistUtility /Users/anita/Library/Developer/Xcode/DerivedData/Pubo-ffdsuafbzbosfghixevxzoavgcwm/Build/Intermediates.noindex/leveldb.build/Debug-iphonesimulator/leveldb_leveldb.build/empty-leveldb_leveldb.plist -producttype com.apple.product-type.bundle -expandbuildsettings -format binary -platform iphonesimulator -o /Users/anita/Library/Developer/Xcode/DerivedData/Pubo-ffdsuafbzbosfghixevxzoavgcwm/Build/Products/Debug-iphonesimulator/leveldb_leveldb.bundle/Info.plist

ProcessInfoPlistFile /Users/anita/Library/Developer/Xcode/DerivedData/Pubo-ffdsuafbzbosfghixevxzoavgcwm/Build/Products/Debug-iphonesimulator/gRPC_grpcWrapper.bundle/Info.plist /Users/anita/Library/Developer/Xcode/DerivedData/Pubo-ffdsuafbzbosfghixevxzoavgcwm/Build/Intermediates.noindex/gRPC.build/Debug-iphonesimulator/gRPC_grpcWrapper.build/empty-gRPC_grpcWrapper.plist (in target 'gRPC_grpcWrapper' from project 'gRPC')
    cd /Users/anita/Library/Developer/Xcode/DerivedData/Pubo-ffdsuafbzbosfghixevxzoavgcwm/SourcePackages/checkouts/grpc-binary
    builtin-infoPlistUtility /Users/anita/Library/Developer/Xcode/DerivedData/Pubo-ffdsuafbzbosfghixevxzoavgcwm/Build/Intermediates.noindex/gRPC.build/Debug-iphonesimulator/gRPC_grpcWrapper.build/empty-gRPC_grpcWrapper.plist -producttype com.apple.product-type.bundle -expandbuildsettings -format binary -platform iphonesimulator -o /Users/anita/Library/Developer/Xcode/DerivedData/Pubo-ffdsuafbzbosfghixevxzoavgcwm/Build/Products/Debug-iphonesimulator/gRPC_grpcWrapper.bundle/Info.plist

ProcessInfoPlistFile /Users/anita/Library/Developer/Xcode/DerivedData/Pubo-ffdsuafbzbosfghixevxzoavgcwm/Build/Products/Debug-iphonesimulator/abseil_abslWrapper.bundle/Info.plist /Users/anita/Library/Developer/Xcode/DerivedData/Pubo-ffdsuafbzbosfghixevxzoavgcwm/Build/Intermediates.noindex/abseil.build/Debug-iphonesimulator/abseil_abslWrapper.build/empty-abseil_abslWrapper.plist (in target 'abseil_abslWrapper' from project 'abseil')
    cd /Users/anita/Library/Developer/Xcode/DerivedData/Pubo-ffdsuafbzbosfghixevxzoavgcwm/SourcePackages/checkouts/abseil-cpp-binary
    builtin-infoPlistUtility /Users/anita/Library/Developer/Xcode/DerivedData/Pubo-ffdsuafbzbosfghixevxzoavgcwm/Build/Intermediates.noindex/abseil.build/Debug-iphonesimulator/abseil_abslWrapper.build/empty-abseil_abslWrapper.plist -producttype com.apple.product-type.bundle -expandbuildsettings -format binary -platform iphonesimulator -o /Users/anita/Library/Developer/Xcode/DerivedData/Pubo-ffdsuafbzbosfghixevxzoavgcwm/Build/Products/Debug-iphonesimulator/abseil_abslWrapper.bundle/Info.plist

ProcessProductPackaging /Users/anita/Cursor/PUBO/ios/Pubo/PuboShare/PuboShare.entitlements /Users/anita/Library/Developer/Xcode/DerivedData/Pubo-ffdsuafbzbosfghixevxzoavgcwm/Build/Intermediates.noindex/Pubo.build/Debug-iphonesimulator/PuboShare.build/PuboShare.appex-Simulated.xcent (in target 'PuboShare' from project 'Pubo')
    cd /Users/anita/Cursor/PUBO/ios/Pubo
    
    Entitlements:
    
    {
    "application-identifier" = "6RS6Y93Z2G.com.anita.Pubo.PuboShare";
    "com.apple.security.application-groups" =     (
        "group.com.anita.Pubo"
    );
}
    
    builtin-productPackagingUtility /Users/anita/Cursor/PUBO/ios/Pubo/PuboShare/PuboShare.entitlements -entitlements -format xml -o /Users/anita/Library/Developer/Xcode/DerivedData/Pubo-ffdsuafbzbosfghixevxzoavgcwm/Build/Intermediates.noindex/Pubo.build/Debug-iphonesimulator/PuboShare.build/PuboShare.appex-Simulated.xcent

ProcessProductPackagingDER /Users/anita/Library/Developer/Xcode/DerivedData/Pubo-ffdsuafbzbosfghixevxzoavgcwm/Build/Intermediates.noindex/Pubo.build/Debug-iphonesimulator/PuboShare.build/PuboShare.appex.xcent /Users/anita/Library/Developer/Xcode/DerivedData/Pubo-ffdsuafbzbosfghixevxzoavgcwm/Build/Intermediates.noindex/Pubo.build/Debug-iphonesimulator/PuboShare.build/PuboShare.appex.xcent.der (in target 'PuboShare' from project 'Pubo')
    cd /Users/anita/Cursor/PUBO/ios/Pubo
    /usr/bin/derq query -f xml -i /Users/anita/Library/Developer/Xcode/DerivedData/Pubo-ffdsuafbzbosfghixevxzoavgcwm/Build/Intermediates.noindex/Pubo.build/Debug-iphonesimulator/PuboShare.build/PuboShare.appex.xcent -o /Users/anita/Library/Developer/Xcode/DerivedData/Pubo-ffdsuafbzbosfghixevxzoavgcwm/Build/Intermediates.noindex/Pubo.build/Debug-iphonesimulator/PuboShare.build/PuboShare.appex.xcent.der --raw

ProcessProductPackagingDER /Users/anita/Library/Developer/Xcode/DerivedData/Pubo-ffdsuafbzbosfghixevxzoavgcwm/Build/Intermediates.noindex/Pubo.build/Debug-iphonesimulator/PuboShare.build/PuboShare.appex-Simulated.xcent /Users/anita/Library/Developer/Xcode/DerivedData/Pubo-ffdsuafbzbosfghixevxzoavgcwm/Build/Intermediates.noindex/Pubo.build/Debug-iphonesimulator/PuboShare.build/PuboShare.appex-Simulated.xcent.der (in target 'PuboShare' from project 'Pubo')
    cd /Users/anita/Cursor/PUBO/ios/Pubo
    /usr/bin/derq query -f xml -i /Users/anita/Library/Developer/Xcode/DerivedData/Pubo-ffdsuafbzbosfghixevxzoavgcwm/Build/Intermediates.noindex/Pubo.build/Debug-iphonesimulator/PuboShare.build/PuboShare.appex-Simulated.xcent -o /Users/anita/Library/Developer/Xcode/DerivedData/Pubo-ffdsuafbzbosfghixevxzoavgcwm/Build/Intermediates.noindex/Pubo.build/Debug-iphonesimulator/PuboShare.build/PuboShare.appex-Simulated.xcent.der --raw

ProcessInfoPlistFile /Users/anita/Library/Developer/Xcode/DerivedData/Pubo-ffdsuafbzbosfghixevxzoavgcwm/Build/Products/Debug-iphonesimulator/Promises_Promises.bundle/Info.plist /Users/anita/Library/Developer/Xcode/DerivedData/Pubo-ffdsuafbzbosfghixevxzoavgcwm/Build/Intermediates.noindex/Promises.build/Debug-iphonesimulator/Promises_Promises.build/empty-Promises_Promises.plist (in target 'Promises_Promises' from project 'Promises')
    cd /Users/anita/Library/Developer/Xcode/DerivedData/Pubo-ffdsuafbzbosfghixevxzoavgcwm/SourcePackages/checkouts/promises
    builtin-infoPlistUtility /Users/anita/Library/Developer/Xcode/DerivedData/Pubo-ffdsuafbzbosfghixevxzoavgcwm/Build/Intermediates.noindex/Promises.build/Debug-iphonesimulator/Promises_Promises.build/empty-Promises_Promises.plist -producttype com.apple.product-type.bundle -expandbuildsettings -format binary -platform iphonesimulator -o /Users/anita/Library/Developer/Xcode/DerivedData/Pubo-ffdsuafbzbosfghixevxzoavgcwm/Build/Products/Debug-iphonesimulator/Promises_Promises.bundle/Info.plist

ProcessInfoPlistFile /Users/anita/Library/Developer/Xcode/DerivedData/Pubo-ffdsuafbzbosfghixevxzoavgcwm/Build/Products/Debug-iphonesimulator/Promises_FBLPromises.bundle/Info.plist /Users/anita/Library/Developer/Xcode/DerivedData/Pubo-ffdsuafbzbosfghixevxzoavgcwm/Build/Intermediates.noindex/Promises.build/Debug-iphonesimulator/Promises_FBLPromises.build/empty-Promises_FBLPromises.plist (in target 'Promises_FBLPromises' from project 'Promises')
    cd /Users/anita/Library/Developer/Xcode/DerivedData/Pubo-ffdsuafbzbosfghixevxzoavgcwm/SourcePackages/checkouts/promises
    builtin-infoPlistUtility /Users/anita/Library/Developer/Xcode/DerivedData/Pubo-ffdsuafbzbosfghixevxzoavgcwm/Build/Intermediates.noindex/Promises.build/Debug-iphonesimulator/Promises_FBLPromises.build/empty-Promises_FBLPromises.plist -producttype com.apple.product-type.bundle -expandbuildsettings -format binary -platform iphonesimulator -o /Users/anita/Library/Developer/Xcode/DerivedData/Pubo-ffdsuafbzbosfghixevxzoavgcwm/Build/Products/Debug-iphonesimulator/Promises_FBLPromises.bundle/Info.plist

ProcessInfoPlistFile /Users/anita/Library/Developer/Xcode/DerivedData/Pubo-ffdsuafbzbosfghixevxzoavgcwm/Build/Products/Debug-iphonesimulator/GoogleUtilities_GoogleUtilities-UserDefaults.bundle/Info.plist /Users/anita/Library/Developer/Xcode/DerivedData/Pubo-ffdsuafbzbosfghixevxzoavgcwm/Build/Intermediates.noindex/GoogleUtilities.build/Debug-iphonesimulator/GoogleUtilities_GoogleUtilities-UserDefaults.build/empty-GoogleUtilities_GoogleUtilities-UserDefaults.plist (in target 'GoogleUtilities_GoogleUtilities-UserDefaults' from project 'GoogleUtilities')
    cd /Users/anita/Library/Developer/Xcode/DerivedData/Pubo-ffdsuafbzbosfghixevxzoavgcwm/SourcePackages/checkouts/GoogleUtilities
    builtin-infoPlistUtility /Users/anita/Library/Developer/Xcode/DerivedData/Pubo-ffdsuafbzbosfghixevxzoavgcwm/Build/Intermediates.noindex/GoogleUtilities.build/Debug-iphonesimulator/GoogleUtilities_GoogleUtilities-UserDefaults.build/empty-GoogleUtilities_GoogleUtilities-UserDefaults.plist -producttype com.apple.product-type.bundle -expandbuildsettings -format binary -platform iphonesimulator -o /Users/anita/Library/Developer/Xcode/DerivedData/Pubo-ffdsuafbzbosfghixevxzoavgcwm/Build/Products/Debug-iphonesimulator/GoogleUtilities_GoogleUtilities-UserDefaults.bundle/Info.plist

ProcessInfoPlistFile /Users/anita/Library/Developer/Xcode/DerivedData/Pubo-ffdsuafbzbosfghixevxzoavgcwm/Build/Products/Debug-iphonesimulator/GoogleUtilities_GoogleUtilities-Reachability.bundle/Info.plist /Users/anita/Library/Developer/Xcode/DerivedData/Pubo-ffdsuafbzbosfghixevxzoavgcwm/Build/Intermediates.noindex/GoogleUtilities.build/Debug-iphonesimulator/GoogleUtilities_GoogleUtilities-Reachability.build/empty-GoogleUtilities_GoogleUtilities-Reachability.plist (in target 'GoogleUtilities_GoogleUtilities-Reachability' from project 'GoogleUtilities')
    cd /Users/anita/Library/Developer/Xcode/DerivedData/Pubo-ffdsuafbzbosfghixevxzoavgcwm/SourcePackages/checkouts/GoogleUtilities
    builtin-infoPlistUtility /Users/anita/Library/Developer/Xcode/DerivedData/Pubo-ffdsuafbzbosfghixevxzoavgcwm/Build/Intermediates.noindex/GoogleUtilities.build/Debug-iphonesimulator/GoogleUtilities_GoogleUtilities-Reachability.build/empty-GoogleUtilities_GoogleUtilities-Reachability.plist -producttype com.apple.product-type.bundle -expandbuildsettings -format binary -platform iphonesimulator -o /Users/anita/Library/Developer/Xcode/DerivedData/Pubo-ffdsuafbzbosfghixevxzoavgcwm/Build/Products/Debug-iphonesimulator/GoogleUtilities_GoogleUtilities-Reachability.bundle/Info.plist

ProcessInfoPlistFile /Users/anita/Library/Developer/Xcode/DerivedData/Pubo-ffdsuafbzbosfghixevxzoavgcwm/Build/Products/Debug-iphonesimulator/GoogleUtilities_GoogleUtilities-Network.bundle/Info.plist /Users/anita/Library/Developer/Xcode/DerivedData/Pubo-ffdsuafbzbosfghixevxzoavgcwm/Build/Intermediates.noindex/GoogleUtilities.build/Debug-iphonesimulator/GoogleUtilities_GoogleUtilities-Network.build/empty-GoogleUtilities_GoogleUtilities-Network.plist (in target 'GoogleUtilities_GoogleUtilities-Network' from project 'GoogleUtilities')
    cd /Users/anita/Library/Developer/Xcode/DerivedData/Pubo-ffdsuafbzbosfghixevxzoavgcwm/SourcePackages/checkouts/GoogleUtilities
    builtin-infoPlistUtility /Users/anita/Library/Developer/Xcode/DerivedData/Pubo-ffdsuafbzbosfghixevxzoavgcwm/Build/Intermediates.noindex/GoogleUtilities.build/Debug-iphonesimulator/GoogleUtilities_GoogleUtilities-Network.build/empty-GoogleUtilities_GoogleUtilities-Network.plist -producttype com.apple.product-type.bundle -expandbuildsettings -format binary -platform iphonesimulator -o /Users/anita/Library/Developer/Xcode/DerivedData/Pubo-ffdsuafbzbosfghixevxzoavgcwm/Build/Products/Debug-iphonesimulator/GoogleUtilities_GoogleUtilities-Network.bundle/Info.plist

ProcessInfoPlistFile /Users/anita/Library/Developer/Xcode/DerivedData/Pubo-ffdsuafbzbosfghixevxzoavgcwm/Build/Products/Debug-iphonesimulator/GoogleUtilities_GoogleUtilities-NSData.bundle/Info.plist /Users/anita/Library/Developer/Xcode/DerivedData/Pubo-ffdsuafbzbosfghixevxzoavgcwm/Build/Intermediates.noindex/GoogleUtilities.build/Debug-iphonesimulator/GoogleUtilities_GoogleUtilities-NSData.build/empty-GoogleUtilities_GoogleUtilities-NSData.plist (in target 'GoogleUtilities_GoogleUtilities-NSData' from project 'GoogleUtilities')
    cd /Users/anita/Library/Developer/Xcode/DerivedData/Pubo-ffdsuafbzbosfghixevxzoavgcwm/SourcePackages/checkouts/GoogleUtilities
    builtin-infoPlistUtility /Users/anita/Library/Developer/Xcode/DerivedData/Pubo-ffdsuafbzbosfghixevxzoavgcwm/Build/Intermediates.noindex/GoogleUtilities.build/Debug-iphonesimulator/GoogleUtilities_GoogleUtilities-NSData.build/empty-GoogleUtilities_GoogleUtilities-NSData.plist -producttype com.apple.product-type.bundle -expandbuildsettings -format binary -platform iphonesimulator -o /Users/anita/Library/Developer/Xcode/DerivedData/Pubo-ffdsuafbzbosfghixevxzoavgcwm/Build/Products/Debug-iphonesimulator/GoogleUtilities_GoogleUtilities-NSData.bundle/Info.plist

ProcessInfoPlistFile /Users/anita/Library/Developer/Xcode/DerivedData/Pubo-ffdsuafbzbosfghixevxzoavgcwm/Build/Products/Debug-iphonesimulator/GoogleUtilities_GoogleUtilities-MethodSwizzler.bundle/Info.plist /Users/anita/Library/Developer/Xcode/DerivedData/Pubo-ffdsuafbzbosfghixevxzoavgcwm/Build/Intermediates.noindex/GoogleUtilities.build/Debug-iphonesimulator/GoogleUtilities_GoogleUtilities-MethodSwizzler.build/empty-GoogleUtilities_GoogleUtilities-MethodSwizzler.plist (in target 'GoogleUtilities_GoogleUtilities-MethodSwizzler' from project 'GoogleUtilities')
    cd /Users/anita/Library/Developer/Xcode/DerivedData/Pubo-ffdsuafbzbosfghixevxzoavgcwm/SourcePackages/checkouts/GoogleUtilities
    builtin-infoPlistUtility /Users/anita/Library/Developer/Xcode/DerivedData/Pubo-ffdsuafbzbosfghixevxzoavgcwm/Build/Intermediates.noindex/GoogleUtilities.build/Debug-iphonesimulator/GoogleUtilities_GoogleUtilities-MethodSwizzler.build/empty-GoogleUtilities_GoogleUtilities-MethodSwizzler.plist -producttype com.apple.product-type.bundle -expandbuildsettings -format binary -platform iphonesimulator -o /Users/anita/Library/Developer/Xcode/DerivedData/Pubo-ffdsuafbzbosfghixevxzoavgcwm/Build/Products/Debug-iphonesimulator/GoogleUtilities_GoogleUtilities-MethodSwizzler.bundle/Info.plist

ProcessInfoPlistFile /Users/anita/Library/Developer/Xcode/DerivedData/Pubo-ffdsuafbzbosfghixevxzoavgcwm/Build/Products/Debug-iphonesimulator/GoogleUtilities_GoogleUtilities-Logger.bundle/Info.plist /Users/anita/Library/Developer/Xcode/DerivedData/Pubo-ffdsuafbzbosfghixevxzoavgcwm/Build/Intermediates.noindex/GoogleUtilities.build/Debug-iphonesimulator/GoogleUtilities_GoogleUtilities-Logger.build/empty-GoogleUtilities_GoogleUtilities-Logger.plist (in target 'GoogleUtilities_GoogleUtilities-Logger' from project 'GoogleUtilities')
    cd /Users/anita/Library/Developer/Xcode/DerivedData/Pubo-ffdsuafbzbosfghixevxzoavgcwm/SourcePackages/checkouts/GoogleUtilities
    builtin-infoPlistUtility /Users/anita/Library/Developer/Xcode/DerivedData/Pubo-ffdsuafbzbosfghixevxzoavgcwm/Build/Intermediates.noindex/GoogleUtilities.build/Debug-iphonesimulator/GoogleUtilities_GoogleUtilities-Logger.build/empty-GoogleUtilities_GoogleUtilities-Logger.plist -producttype com.apple.product-type.bundle -expandbuildsettings -format binary -platform iphonesimulator -o /Users/anita/Library/Developer/Xcode/DerivedData/Pubo-ffdsuafbzbosfghixevxzoavgcwm/Build/Products/Debug-iphonesimulator/GoogleUtilities_GoogleUtilities-Logger.bundle/Info.plist

ProcessInfoPlistFile /Users/anita/Library/Developer/Xcode/DerivedData/Pubo-ffdsuafbzbosfghixevxzoavgcwm/Build/Products/Debug-iphonesimulator/GoogleUtilities_GoogleUtilities-Environment.bundle/Info.plist /Users/anita/Library/Developer/Xcode/DerivedData/Pubo-ffdsuafbzbosfghixevxzoavgcwm/Build/Intermediates.noindex/GoogleUtilities.build/Debug-iphonesimulator/GoogleUtilities_GoogleUtilities-Environment.build/empty-GoogleUtilities_GoogleUtilities-Environment.plist (in target 'GoogleUtilities_GoogleUtilities-Environment' from project 'GoogleUtilities')
    cd /Users/anita/Library/Developer/Xcode/DerivedData/Pubo-ffdsuafbzbosfghixevxzoavgcwm/SourcePackages/checkouts/GoogleUtilities
    builtin-infoPlistUtility /Users/anita/Library/Developer/Xcode/DerivedData/Pubo-ffdsuafbzbosfghixevxzoavgcwm/Build/Intermediates.noindex/GoogleUtilities.build/Debug-iphonesimulator/GoogleUtilities_GoogleUtilities-Environment.build/empty-GoogleUtilities_GoogleUtilities-Environment.plist -producttype com.apple.product-type.bundle -expandbuildsettings -format binary -platform iphonesimulator -o /Users/anita/Library/Developer/Xcode/DerivedData/Pubo-ffdsuafbzbosfghixevxzoavgcwm/Build/Products/Debug-iphonesimulator/GoogleUtilities_GoogleUtilities-Environment.bundle/Info.plist

ProcessInfoPlistFile /Users/anita/Library/Developer/Xcode/DerivedData/Pubo-ffdsuafbzbosfghixevxzoavgcwm/Build/Products/Debug-iphonesimulator/GoogleUtilities_GoogleUtilities-AppDelegateSwizzler.bundle/Info.plist /Users/anita/Library/Developer/Xcode/DerivedData/Pubo-ffdsuafbzbosfghixevxzoavgcwm/Build/Intermediates.noindex/GoogleUtilities.build/Debug-iphonesimulator/GoogleUtilities_GoogleUtilities-AppDelegateSwizzler.build/empty-GoogleUtilities_GoogleUtilities-AppDelegateSwizzler.plist (in target 'GoogleUtilities_GoogleUtilities-AppDelegateSwizzler' from project 'GoogleUtilities')
    cd /Users/anita/Library/Developer/Xcode/DerivedData/Pubo-ffdsuafbzbosfghixevxzoavgcwm/SourcePackages/checkouts/GoogleUtilities
    builtin-infoPlistUtility /Users/anita/Library/Developer/Xcode/DerivedData/Pubo-ffdsuafbzbosfghixevxzoavgcwm/Build/Intermediates.noindex/GoogleUtilities.build/Debug-iphonesimulator/GoogleUtilities_GoogleUtilities-AppDelegateSwizzler.build/empty-GoogleUtilities_GoogleUtilities-AppDelegateSwizzler.plist -producttype com.apple.product-type.bundle -expandbuildsettings -format binary -platform iphonesimulator -o /Users/anita/Library/Developer/Xcode/DerivedData/Pubo-ffdsuafbzbosfghixevxzoavgcwm/Build/Products/Debug-iphonesimulator/GoogleUtilities_GoogleUtilities-AppDelegateSwizzler.bundle/Info.plist

ProcessInfoPlistFile /Users/anita/Library/Developer/Xcode/DerivedData/Pubo-ffdsuafbzbosfghixevxzoavgcwm/Build/Products/Debug-iphonesimulator/GoogleDataTransport_GoogleDataTransport.bundle/Info.plist /Users/anita/Library/Developer/Xcode/DerivedData/Pubo-ffdsuafbzbosfghixevxzoavgcwm/Build/Intermediates.noindex/GoogleDataTransport.build/Debug-iphonesimulator/GoogleDataTransport_GoogleDataTransport.build/empty-GoogleDataTransport_GoogleDataTransport.plist (in target 'GoogleDataTransport_GoogleDataTransport' from project 'GoogleDataTransport')
    cd /Users/anita/Library/Developer/Xcode/DerivedData/Pubo-ffdsuafbzbosfghixevxzoavgcwm/SourcePackages/checkouts/GoogleDataTransport
    builtin-infoPlistUtility /Users/anita/Library/Developer/Xcode/DerivedData/Pubo-ffdsuafbzbosfghixevxzoavgcwm/Build/Intermediates.noindex/GoogleDataTransport.build/Debug-iphonesimulator/GoogleDataTransport_GoogleDataTransport.build/empty-GoogleDataTransport_GoogleDataTransport.plist -producttype com.apple.product-type.bundle -expandbuildsettings -format binary -platform iphonesimulator -o /Users/anita/Library/Developer/Xcode/DerivedData/Pubo-ffdsuafbzbosfghixevxzoavgcwm/Build/Products/Debug-iphonesimulator/GoogleDataTransport_GoogleDataTransport.bundle/Info.plist

ProcessInfoPlistFile /Users/anita/Library/Developer/Xcode/DerivedData/Pubo-ffdsuafbzbosfghixevxzoavgcwm/Build/Products/Debug-iphonesimulator/GTMSessionFetcher_GTMSessionFetcherCore.bundle/Info.plist /Users/anita/Library/Developer/Xcode/DerivedData/Pubo-ffdsuafbzbosfghixevxzoavgcwm/Build/Intermediates.noindex/GTMSessionFetcher.build/Debug-iphonesimulator/GTMSessionFetcher_GTMSessionFetcherCore.build/empty-GTMSessionFetcher_GTMSessionFetcherCore.plist (in target 'GTMSessionFetcher_GTMSessionFetcherCore' from project 'GTMSessionFetcher')
    cd /Users/anita/Library/Developer/Xcode/DerivedData/Pubo-ffdsuafbzbosfghixevxzoavgcwm/SourcePackages/checkouts/gtm-session-fetcher
    builtin-infoPlistUtility /Users/anita/Library/Developer/Xcode/DerivedData/Pubo-ffdsuafbzbosfghixevxzoavgcwm/Build/Intermediates.noindex/GTMSessionFetcher.build/Debug-iphonesimulator/GTMSessionFetcher_GTMSessionFetcherCore.build/empty-GTMSessionFetcher_GTMSessionFetcherCore.plist -producttype com.apple.product-type.bundle -expandbuildsettings -format binary -platform iphonesimulator -o /Users/anita/Library/Developer/Xcode/DerivedData/Pubo-ffdsuafbzbosfghixevxzoavgcwm/Build/Products/Debug-iphonesimulator/GTMSessionFetcher_GTMSessionFetcherCore.bundle/Info.plist

ProcessInfoPlistFile /Users/anita/Library/Developer/Xcode/DerivedData/Pubo-ffdsuafbzbosfghixevxzoavgcwm/Build/Products/Debug-iphonesimulator/Firebase_FirebaseInstallations.bundle/Info.plist /Users/anita/Library/Developer/Xcode/DerivedData/Pubo-ffdsuafbzbosfghixevxzoavgcwm/Build/Intermediates.noindex/Firebase.build/Debug-iphonesimulator/Firebase_FirebaseInstallations.build/empty-Firebase_FirebaseInstallations.plist (in target 'Firebase_FirebaseInstallations' from project 'Firebase')
    cd /Users/anita/Library/Developer/Xcode/DerivedData/Pubo-ffdsuafbzbosfghixevxzoavgcwm/SourcePackages/checkouts/firebase-ios-sdk
    builtin-infoPlistUtility /Users/anita/Library/Developer/Xcode/DerivedData/Pubo-ffdsuafbzbosfghixevxzoavgcwm/Build/Intermediates.noindex/Firebase.build/Debug-iphonesimulator/Firebase_FirebaseInstallations.build/empty-Firebase_FirebaseInstallations.plist -producttype com.apple.product-type.bundle -expandbuildsettings -format binary -platform iphonesimulator -o /Users/anita/Library/Developer/Xcode/DerivedData/Pubo-ffdsuafbzbosfghixevxzoavgcwm/Build/Products/Debug-iphonesimulator/Firebase_FirebaseInstallations.bundle/Info.plist

ProcessInfoPlistFile /Users/anita/Library/Developer/Xcode/DerivedData/Pubo-ffdsuafbzbosfghixevxzoavgcwm/Build/Products/Debug-iphonesimulator/Firebase_FirebaseFirestore.bundle/Info.plist /Users/anita/Library/Developer/Xcode/DerivedData/Pubo-ffdsuafbzbosfghixevxzoavgcwm/Build/Intermediates.noindex/Firebase.build/Debug-iphonesimulator/Firebase_FirebaseFirestore.build/empty-Firebase_FirebaseFirestore.plist (in target 'Firebase_FirebaseFirestore' from project 'Firebase')
    cd /Users/anita/Library/Developer/Xcode/DerivedData/Pubo-ffdsuafbzbosfghixevxzoavgcwm/SourcePackages/checkouts/firebase-ios-sdk
    builtin-infoPlistUtility /Users/anita/Library/Developer/Xcode/DerivedData/Pubo-ffdsuafbzbosfghixevxzoavgcwm/Build/Intermediates.noindex/Firebase.build/Debug-iphonesimulator/Firebase_FirebaseFirestore.build/empty-Firebase_FirebaseFirestore.plist -producttype com.apple.product-type.bundle -expandbuildsettings -format binary -platform iphonesimulator -o /Users/anita/Library/Developer/Xcode/DerivedData/Pubo-ffdsuafbzbosfghixevxzoavgcwm/Build/Products/Debug-iphonesimulator/Firebase_FirebaseFirestore.bundle/Info.plist

ProcessInfoPlistFile /Users/anita/Library/Developer/Xcode/DerivedData/Pubo-ffdsuafbzbosfghixevxzoavgcwm/Build/Products/Debug-iphonesimulator/Firebase_FirebaseCoreInternal.bundle/Info.plist /Users/anita/Library/Developer/Xcode/DerivedData/Pubo-ffdsuafbzbosfghixevxzoavgcwm/Build/Intermediates.noindex/Firebase.build/Debug-iphonesimulator/Firebase_FirebaseCoreInternal.build/empty-Firebase_FirebaseCoreInternal.plist (in target 'Firebase_FirebaseCoreInternal' from project 'Firebase')
    cd /Users/anita/Library/Developer/Xcode/DerivedData/Pubo-ffdsuafbzbosfghixevxzoavgcwm/SourcePackages/checkouts/firebase-ios-sdk
    builtin-infoPlistUtility /Users/anita/Library/Developer/Xcode/DerivedData/Pubo-ffdsuafbzbosfghixevxzoavgcwm/Build/Intermediates.noindex/Firebase.build/Debug-iphonesimulator/Firebase_FirebaseCoreInternal.build/empty-Firebase_FirebaseCoreInternal.plist -producttype com.apple.product-type.bundle -expandbuildsettings -format binary -platform iphonesimulator -o /Users/anita/Library/Developer/Xcode/DerivedData/Pubo-ffdsuafbzbosfghixevxzoavgcwm/Build/Products/Debug-iphonesimulator/Firebase_FirebaseCoreInternal.bundle/Info.plist

ProcessInfoPlistFile /Users/anita/Library/Developer/Xcode/DerivedData/Pubo-ffdsuafbzbosfghixevxzoavgcwm/Build/Products/Debug-iphonesimulator/Firebase_FirebaseCoreExtension.bundle/Info.plist /Users/anita/Library/Developer/Xcode/DerivedData/Pubo-ffdsuafbzbosfghixevxzoavgcwm/Build/Intermediates.noindex/Firebase.build/Debug-iphonesimulator/Firebase_FirebaseCoreExtension.build/empty-Firebase_FirebaseCoreExtension.plist (in target 'Firebase_FirebaseCoreExtension' from project 'Firebase')
    cd /Users/anita/Library/Developer/Xcode/DerivedData/Pubo-ffdsuafbzbosfghixevxzoavgcwm/SourcePackages/checkouts/firebase-ios-sdk
    builtin-infoPlistUtility /Users/anita/Library/Developer/Xcode/DerivedData/Pubo-ffdsuafbzbosfghixevxzoavgcwm/Build/Intermediates.noindex/Firebase.build/Debug-iphonesimulator/Firebase_FirebaseCoreExtension.build/empty-Firebase_FirebaseCoreExtension.plist -producttype com.apple.product-type.bundle -expandbuildsettings -format binary -platform iphonesimulator -o /Users/anita/Library/Developer/Xcode/DerivedData/Pubo-ffdsuafbzbosfghixevxzoavgcwm/Build/Products/Debug-iphonesimulator/Firebase_FirebaseCoreExtension.bundle/Info.plist

ProcessInfoPlistFile /Users/anita/Library/Developer/Xcode/DerivedData/Pubo-ffdsuafbzbosfghixevxzoavgcwm/Build/Products/Debug-iphonesimulator/Firebase_FirebaseCore.bundle/Info.plist /Users/anita/Library/Developer/Xcode/DerivedData/Pubo-ffdsuafbzbosfghixevxzoavgcwm/Build/Intermediates.noindex/Firebase.build/Debug-iphonesimulator/Firebase_FirebaseCore.build/empty-Firebase_FirebaseCore.plist (in target 'Firebase_FirebaseCore' from project 'Firebase')
    cd /Users/anita/Library/Developer/Xcode/DerivedData/Pubo-ffdsuafbzbosfghixevxzoavgcwm/SourcePackages/checkouts/firebase-ios-sdk
    builtin-infoPlistUtility /Users/anita/Library/Developer/Xcode/DerivedData/Pubo-ffdsuafbzbosfghixevxzoavgcwm/Build/Intermediates.noindex/Firebase.build/Debug-iphonesimulator/Firebase_FirebaseCore.build/empty-Firebase_FirebaseCore.plist -producttype com.apple.product-type.bundle -expandbuildsettings -format binary -platform iphonesimulator -o /Users/anita/Library/Developer/Xcode/DerivedData/Pubo-ffdsuafbzbosfghixevxzoavgcwm/Build/Products/Debug-iphonesimulator/Firebase_FirebaseCore.bundle/Info.plist

ProcessInfoPlistFile /Users/anita/Library/Developer/Xcode/DerivedData/Pubo-ffdsuafbzbosfghixevxzoavgcwm/Build/Products/Debug-iphonesimulator/Firebase_FirebaseAuth.bundle/Info.plist /Users/anita/Library/Developer/Xcode/DerivedData/Pubo-ffdsuafbzbosfghixevxzoavgcwm/Build/Intermediates.noindex/Firebase.build/Debug-iphonesimulator/Firebase_FirebaseAuth.build/empty-Firebase_FirebaseAuth.plist (in target 'Firebase_FirebaseAuth' from project 'Firebase')
    cd /Users/anita/Library/Developer/Xcode/DerivedData/Pubo-ffdsuafbzbosfghixevxzoavgcwm/SourcePackages/checkouts/firebase-ios-sdk
    builtin-infoPlistUtility /Users/anita/Library/Developer/Xcode/DerivedData/Pubo-ffdsuafbzbosfghixevxzoavgcwm/Build/Intermediates.noindex/Firebase.build/Debug-iphonesimulator/Firebase_FirebaseAuth.build/empty-Firebase_FirebaseAuth.plist -producttype com.apple.product-type.bundle -expandbuildsettings -format binary -platform iphonesimulator -o /Users/anita/Library/Developer/Xcode/DerivedData/Pubo-ffdsuafbzbosfghixevxzoavgcwm/Build/Products/Debug-iphonesimulator/Firebase_FirebaseAuth.bundle/Info.plist

ProcessInfoPlistFile /Users/anita/Library/Developer/Xcode/DerivedData/Pubo-ffdsuafbzbosfghixevxzoavgcwm/Build/Products/Debug-iphonesimulator/Firebase_FirebaseABTesting.bundle/Info.plist /Users/anita/Library/Developer/Xcode/DerivedData/Pubo-ffdsuafbzbosfghixevxzoavgcwm/Build/Intermediates.noindex/Firebase.build/Debug-iphonesimulator/Firebase_FirebaseABTesting.build/empty-Firebase_FirebaseABTesting.plist (in target 'Firebase_FirebaseABTesting' from project 'Firebase')
    cd /Users/anita/Library/Developer/Xcode/DerivedData/Pubo-ffdsuafbzbosfghixevxzoavgcwm/SourcePackages/checkouts/firebase-ios-sdk
    builtin-infoPlistUtility /Users/anita/Library/Developer/Xcode/DerivedData/Pubo-ffdsuafbzbosfghixevxzoavgcwm/Build/Intermediates.noindex/Firebase.build/Debug-iphonesimulator/Firebase_FirebaseABTesting.build/empty-Firebase_FirebaseABTesting.plist -producttype com.apple.product-type.bundle -expandbuildsettings -format binary -platform iphonesimulator -o /Users/anita/Library/Developer/Xcode/DerivedData/Pubo-ffdsuafbzbosfghixevxzoavgcwm/Build/Products/Debug-iphonesimulator/Firebase_FirebaseABTesting.bundle/Info.plist

ProcessInfoPlistFile /Users/anita/Library/Developer/Xcode/DerivedData/Pubo-ffdsuafbzbosfghixevxzoavgcwm/Build/Products/Debug-iphonesimulator/PuboShare.appex/Info.plist /Users/anita/Cursor/PUBO/ios/Pubo/PuboShare/Info.plist (in target 'PuboShare' from project 'Pubo')
    cd /Users/anita/Cursor/PUBO/ios/Pubo
    builtin-infoPlistUtility /Users/anita/Cursor/PUBO/ios/Pubo/PuboShare/Info.plist -producttype com.apple.product-type.app-extension -expandbuildsettings -format binary -platform iphonesimulator -additionalcontentfile /Users/anita/Library/Developer/Xcode/DerivedData/Pubo-ffdsuafbzbosfghixevxzoavgcwm/Build/Intermediates.noindex/Pubo.build/Debug-iphonesimulator/PuboShare.build/Base.lproj/MainInterface-SBPartialInfo.plist -o /Users/anita/Library/Developer/Xcode/DerivedData/Pubo-ffdsuafbzbosfghixevxzoavgcwm/Build/Products/Debug-iphonesimulator/PuboShare.appex/Info.plist

Ld /Users/anita/Library/Developer/Xcode/DerivedData/Pubo-ffdsuafbzbosfghixevxzoavgcwm/Build/Products/Debug-iphonesimulator/PuboShare.appex/PuboShare.debug.dylib normal (in target 'PuboShare' from project 'Pubo')
    cd /Users/anita/Cursor/PUBO/ios/Pubo
    /Applications/Xcode.app/Contents/Developer/Toolchains/XcodeDefault.xctoolchain/usr/bin/clang -Xlinker -reproducible -target arm64-apple-ios17.0-simulator -dynamiclib -isysroot /Applications/Xcode.app/Contents/Developer/Platforms/iPhoneSimulator.platform/Developer/SDKs/iPhoneSimulator26.2.sdk -O0 -L/Users/anita/Library/Developer/Xcode/DerivedData/Pubo-ffdsuafbzbosfghixevxzoavgcwm/Build/Intermediates.noindex/EagerLinkingTBDs/Debug-iphonesimulator -L/Users/anita/Library/Developer/Xcode/DerivedData/Pubo-ffdsuafbzbosfghixevxzoavgcwm/Build/Products/Debug-iphonesimulator -F/Users/anita/Library/Developer/Xcode/DerivedData/Pubo-ffdsuafbzbosfghixevxzoavgcwm/Build/Intermediates.noindex/EagerLinkingTBDs/Debug-iphonesimulator -F/Users/anita/Library/Developer/Xcode/DerivedData/Pubo-ffdsuafbzbosfghixevxzoavgcwm/Build/Products/Debug-iphonesimulator -filelist /Users/anita/Library/Developer/Xcode/DerivedData/Pubo-ffdsuafbzbosfghixevxzoavgcwm/Build/Intermediates.noindex/Pubo.build/Debug-iphonesimulator/PuboShare.build/Objects-normal/arm64/PuboShare.LinkFileList -install_name @rpath/PuboShare.debug.dylib -Xlinker -rpath -Xlinker /usr/lib/swift -Xlinker -rpath -Xlinker @executable_path/Frameworks -Xlinker -rpath -Xlinker @executable_path/../../Frameworks -dead_strip -Xlinker -object_path_lto -Xlinker /Users/anita/Library/Developer/Xcode/DerivedData/Pubo-ffdsuafbzbosfghixevxzoavgcwm/Build/Intermediates.noindex/Pubo.build/Debug-iphonesimulator/PuboShare.build/Objects-normal/arm64/PuboShare_lto.o -rdynamic -Xlinker -no_deduplicate -Xlinker -objc_abi_version -Xlinker 2 -Xlinker -dependency_info -Xlinker /Users/anita/Library/Developer/Xcode/DerivedData/Pubo-ffdsuafbzbosfghixevxzoavgcwm/Build/Intermediates.noindex/Pubo.build/Debug-iphonesimulator/PuboShare.build/Objects-normal/arm64/PuboShare_dependency_info.dat -fapplication-extension -fobjc-link-runtime -L/Applications/Xcode.app/Contents/Developer/Toolchains/XcodeDefault.xctoolchain/usr/lib/swift/iphonesimulator -L/usr/lib/swift -Xlinker -add_ast_path -Xlinker /Users/anita/Library/Developer/Xcode/DerivedData/Pubo-ffdsuafbzbosfghixevxzoavgcwm/Build/Intermediates.noindex/Pubo.build/Debug-iphonesimulator/PuboShare.build/Objects-normal/arm64/PuboShare.swiftmodule @/Users/anita/Library/Developer/Xcode/DerivedData/Pubo-ffdsuafbzbosfghixevxzoavgcwm/Build/Intermediates.noindex/Pubo.build/Debug-iphonesimulator/PuboShare.build/Objects-normal/arm64/PuboShare-linker-args.resp -Xlinker -alias -Xlinker _NSExtensionMain -Xlinker ___debug_main_executable_dylib_entry_point -Xlinker -no_adhoc_codesign -o /Users/anita/Library/Developer/Xcode/DerivedData/Pubo-ffdsuafbzbosfghixevxzoavgcwm/Build/Products/Debug-iphonesimulator/PuboShare.appex/PuboShare.debug.dylib

ProcessProductPackaging /Users/anita/Cursor/PUBO/ios/Pubo/Pubo/Pubo.entitlements /Users/anita/Library/Developer/Xcode/DerivedData/Pubo-ffdsuafbzbosfghixevxzoavgcwm/Build/Intermediates.noindex/Pubo.build/Debug-iphonesimulator/Pubo.build/Pubo.app.xcent (in target 'Pubo' from project 'Pubo')
    cd /Users/anita/Cursor/PUBO/ios/Pubo
    
    Entitlements:
    
    {
}
    
    builtin-productPackagingUtility /Users/anita/Cursor/PUBO/ios/Pubo/Pubo/Pubo.entitlements -entitlements -format xml -o /Users/anita/Library/Developer/Xcode/DerivedData/Pubo-ffdsuafbzbosfghixevxzoavgcwm/Build/Intermediates.noindex/Pubo.build/Debug-iphonesimulator/Pubo.build/Pubo.app.xcent

ProcessProductPackaging /Users/anita/Cursor/PUBO/ios/Pubo/Pubo/Pubo.entitlements /Users/anita/Library/Developer/Xcode/DerivedData/Pubo-ffdsuafbzbosfghixevxzoavgcwm/Build/Intermediates.noindex/Pubo.build/Debug-iphonesimulator/Pubo.build/Pubo.app-Simulated.xcent (in target 'Pubo' from project 'Pubo')
    cd /Users/anita/Cursor/PUBO/ios/Pubo
    
    Entitlements:
    
    {
    "application-identifier" = "6RS6Y93Z2G.com.anita.Pubo";
    "com.apple.security.application-groups" =     (
        "group.com.anita.Pubo"
    );
}
    
    builtin-productPackagingUtility /Users/anita/Cursor/PUBO/ios/Pubo/Pubo/Pubo.entitlements -entitlements -format xml -o /Users/anita/Library/Developer/Xcode/DerivedData/Pubo-ffdsuafbzbosfghixevxzoavgcwm/Build/Intermediates.noindex/Pubo.build/Debug-iphonesimulator/Pubo.build/Pubo.app-Simulated.xcent

ProcessProductPackagingDER /Users/anita/Library/Developer/Xcode/DerivedData/Pubo-ffdsuafbzbosfghixevxzoavgcwm/Build/Intermediates.noindex/Pubo.build/Debug-iphonesimulator/Pubo.build/Pubo.app.xcent /Users/anita/Library/Developer/Xcode/DerivedData/Pubo-ffdsuafbzbosfghixevxzoavgcwm/Build/Intermediates.noindex/Pubo.build/Debug-iphonesimulator/Pubo.build/Pubo.app.xcent.der (in target 'Pubo' from project 'Pubo')
    cd /Users/anita/Cursor/PUBO/ios/Pubo
    /usr/bin/derq query -f xml -i /Users/anita/Library/Developer/Xcode/DerivedData/Pubo-ffdsuafbzbosfghixevxzoavgcwm/Build/Intermediates.noindex/Pubo.build/Debug-iphonesimulator/Pubo.build/Pubo.app.xcent -o /Users/anita/Library/Developer/Xcode/DerivedData/Pubo-ffdsuafbzbosfghixevxzoavgcwm/Build/Intermediates.noindex/Pubo.build/Debug-iphonesimulator/Pubo.build/Pubo.app.xcent.der --raw

ProcessProductPackagingDER /Users/anita/Library/Developer/Xcode/DerivedData/Pubo-ffdsuafbzbosfghixevxzoavgcwm/Build/Intermediates.noindex/Pubo.build/Debug-iphonesimulator/Pubo.build/Pubo.app-Simulated.xcent /Users/anita/Library/Developer/Xcode/DerivedData/Pubo-ffdsuafbzbosfghixevxzoavgcwm/Build/Intermediates.noindex/Pubo.build/Debug-iphonesimulator/Pubo.build/Pubo.app-Simulated.xcent.der (in target 'Pubo' from project 'Pubo')
    cd /Users/anita/Cursor/PUBO/ios/Pubo
    /usr/bin/derq query -f xml -i /Users/anita/Library/Developer/Xcode/DerivedData/Pubo-ffdsuafbzbosfghixevxzoavgcwm/Build/Intermediates.noindex/Pubo.build/Debug-iphonesimulator/Pubo.build/Pubo.app-Simulated.xcent -o /Users/anita/Library/Developer/Xcode/DerivedData/Pubo-ffdsuafbzbosfghixevxzoavgcwm/Build/Intermediates.noindex/Pubo.build/Debug-iphonesimulator/Pubo.build/Pubo.app-Simulated.xcent.der --raw

SwiftDriver Pubo normal arm64 com.apple.xcode.tools.swift.compiler (in target 'Pubo' from project 'Pubo')
    cd /Users/anita/Cursor/PUBO/ios/Pubo
    builtin-SwiftDriver -- /Applications/Xcode.app/Contents/Developer/Toolchains/XcodeDefault.xctoolchain/usr/bin/swiftc -module-name Pubo -Onone -enforce-exclusivity\=checked @/Users/anita/Library/Developer/Xcode/DerivedData/Pubo-ffdsuafbzbosfghixevxzoavgcwm/Build/Intermediates.noindex/Pubo.build/Debug-iphonesimulator/Pubo.build/Objects-normal/arm64/Pubo.SwiftFileList -DDEBUG -Xcc -fmodule-map-file\=/Users/anita/Library/Developer/Xcode/DerivedData/Pubo-ffdsuafbzbosfghixevxzoavgcwm/Build/Intermediates.noindex/GeneratedModuleMaps-iphonesimulator/FirebaseMessagingInterop.modulemap -Xcc -fmodule-map-file\=/Users/anita/Library/Developer/Xcode/DerivedData/Pubo-ffdsuafbzbosfghixevxzoavgcwm/Build/Intermediates.noindex/GeneratedModuleMaps-iphonesimulator/RecaptchaInterop.modulemap -Xcc -fmodule-map-file\=/Users/anita/Library/Developer/Xcode/DerivedData/Pubo-ffdsuafbzbosfghixevxzoavgcwm/Build/Intermediates.noindex/GeneratedModuleMaps-iphonesimulator/GTMSessionFetcherCore.modulemap -Xcc -fmodule-map-file\=/Users/anita/Library/Developer/Xcode/DerivedData/Pubo-ffdsuafbzbosfghixevxzoavgcwm/Build/Intermediates.noindex/GeneratedModuleMaps-iphonesimulator/FirebaseAuthInternal.modulemap -Xcc -fmodule-map-file\=/Users/anita/Library/Developer/Xcode/DerivedData/Pubo-ffdsuafbzbosfghixevxzoavgcwm/Build/Intermediates.noindex/GeneratedModuleMaps-iphonesimulator/FirebaseAuthInterop.modulemap -Xcc -fmodule-map-file\=/Users/anita/Library/Developer/Xcode/DerivedData/Pubo-ffdsuafbzbosfghixevxzoavgcwm/Build/Intermediates.noindex/GeneratedModuleMaps-iphonesimulator/GoogleAdsOnDeviceConversionTarget.modulemap -Xcc -fmodule-map-file\=/Users/anita/Library/Developer/Xcode/DerivedData/Pubo-ffdsuafbzbosfghixevxzoavgcwm/Build/Intermediates.noindex/GeneratedModuleMaps-iphonesimulator/GoogleAppMeasurementTarget.modulemap -Xcc -fmodule-map-file\=/Users/anita/Library/Developer/Xcode/DerivedData/Pubo-ffdsuafbzbosfghixevxzoavgcwm/Build/Intermediates.noindex/GeneratedModuleMaps-iphonesimulator/GoogleUtilities-AppDelegateSwizzler.modulemap -Xcc -fmodule-map-file\=/Users/anita/Library/Developer/Xcode/DerivedData/Pubo-ffdsuafbzbosfghixevxzoavgcwm/Build/Intermediates.noindex/GeneratedModuleMaps-iphonesimulator/GoogleUtilities-Reachability.modulemap -Xcc -fmodule-map-file\=/Users/anita/Library/Developer/Xcode/DerivedData/Pubo-ffdsuafbzbosfghixevxzoavgcwm/Build/Intermediates.noindex/GeneratedModuleMaps-iphonesimulator/GoogleUtilities-Network.modulemap -Xcc -fmodule-map-file\=/Users/anita/Library/Developer/Xcode/DerivedData/Pubo-ffdsuafbzbosfghixevxzoavgcwm/Build/Intermediates.noindex/GeneratedModuleMaps-iphonesimulator/FirebaseAnalyticsWrapper.modulemap -Xcc -fmodule-map-file\=/Users/anita/Library/Developer/Xcode/DerivedData/Pubo-ffdsuafbzbosfghixevxzoavgcwm/Build/Intermediates.noindex/GeneratedModuleMaps-iphonesimulator/FirebaseAnalyticsTarget.modulemap -Xcc -fmodule-map-file\=/Users/anita/Library/Developer/Xcode/DerivedData/Pubo-ffdsuafbzbosfghixevxzoavgcwm/Build/Intermediates.noindex/GeneratedModuleMaps-iphonesimulator/GoogleUtilities-UserDefaults.modulemap -Xcc -fmodule-map-file\=/Users/anita/Library/Developer/Xcode/DerivedData/Pubo-ffdsuafbzbosfghixevxzoavgcwm/Build/Intermediates.noindex/GeneratedModuleMaps-iphonesimulator/GoogleDataTransport.modulemap -Xcc -fmodule-map-file\=/Users/anita/Library/Developer/Xcode/DerivedData/Pubo-ffdsuafbzbosfghixevxzoavgcwm/Build/Intermediates.noindex/GeneratedModuleMaps-iphonesimulator/GoogleUtilities-MethodSwizzler.modulemap -Xcc -fmodule-map-file\=/Users/anita/Library/Developer/Xcode/DerivedData/Pubo-ffdsuafbzbosfghixevxzoavgcwm/Build/Intermediates.noindex/GeneratedModuleMaps-iphonesimulator/FirebasePerformance.modulemap -Xcc -fmodule-map-file\=/Users/anita/Library/Developer/Xcode/DerivedData/Pubo-ffdsuafbzbosfghixevxzoavgcwm/Build/Intermediates.noindex/GeneratedModuleMaps-iphonesimulator/FirebaseSessionsObjC.modulemap -Xcc -fmodule-map-file\=/Users/anita/Library/Developer/Xcode/DerivedData/Pubo-ffdsuafbzbosfghixevxzoavgcwm/Build/Intermediates.noindex/GeneratedModuleMaps-iphonesimulator/FirebaseRemoteConfigInternal.modulemap -Xcc -fmodule-map-file\=/Users/anita/Library/Developer/Xcode/DerivedData/Pubo-ffdsuafbzbosfghixevxzoavgcwm/Build/Intermediates.noindex/GeneratedModuleMaps-iphonesimulator/FirebaseABTesting.modulemap -Xcc -fmodule-map-file\=/Users/anita/Library/Developer/Xcode/DerivedData/Pubo-ffdsuafbzbosfghixevxzoavgcwm/Build/Intermediates.noindex/GeneratedModuleMaps-iphonesimulator/FirebaseInstallations.modulemap -Xcc -fmodule-map-file\=/Users/anita/Library/Developer/Xcode/DerivedData/Pubo-ffdsuafbzbosfghixevxzoavgcwm/Build/Intermediates.noindex/GeneratedModuleMaps-iphonesimulator/FirebasePerformanceTarget.modulemap -Xcc -fmodule-map-file\=/Users/anita/Library/Developer/Xcode/DerivedData/Pubo-ffdsuafbzbosfghixevxzoavgcwm/Build/Intermediates.noindex/GeneratedModuleMaps-iphonesimulator/GoogleUtilities-NSData.modulemap -Xcc -fmodule-map-file\=/Users/anita/Library/Developer/Xcode/DerivedData/Pubo-ffdsuafbzbosfghixevxzoavgcwm/Build/Intermediates.noindex/GeneratedModuleMaps-iphonesimulator/GoogleUtilities-Environment.modulemap -Xcc -fmodule-map-file\=/Users/anita/Library/Developer/Xcode/DerivedData/Pubo-ffdsuafbzbosfghixevxzoavgcwm/Build/Intermediates.noindex/GeneratedModuleMaps-iphonesimulator/third-party-IsAppEncrypted.modulemap -Xcc -fmodule-map-file\=/Users/anita/Library/Developer/Xcode/DerivedData/Pubo-ffdsuafbzbosfghixevxzoavgcwm/Build/Intermediates.noindex/GeneratedModuleMaps-iphonesimulator/GoogleUtilities-Logger.modulemap -Xcc -fmodule-map-file\=/Users/anita/Library/Developer/Xcode/DerivedData/Pubo-ffdsuafbzbosfghixevxzoavgcwm/Build/Intermediates.noindex/GeneratedModuleMaps-iphonesimulator/abslWrapper.modulemap -Xcc -fmodule-map-file\=/Users/anita/Library/Developer/Xcode/DerivedData/Pubo-ffdsuafbzbosfghixevxzoavgcwm/Build/Intermediates.noindex/GeneratedModuleMaps-iphonesimulator/opensslWrapper.modulemap -Xcc -fmodule-map-file\=/Users/anita/Library/Developer/Xcode/DerivedData/Pubo-ffdsuafbzbosfghixevxzoavgcwm/Build/Intermediates.noindex/GeneratedModuleMaps-iphonesimulator/grpcWrapper.modulemap -Xcc -fmodule-map-file\=/Users/anita/Library/Developer/Xcode/DerivedData/Pubo-ffdsuafbzbosfghixevxzoavgcwm/Build/Intermediates.noindex/GeneratedModuleMaps-iphonesimulator/grpcppWrapper.modulemap -Xcc -fmodule-map-file\=/Users/anita/Library/Developer/Xcode/DerivedData/Pubo-ffdsuafbzbosfghixevxzoavgcwm/Build/Intermediates.noindex/GeneratedModuleMaps-iphonesimulator/nanopb.modulemap -Xcc -fmodule-map-file\=/Users/anita/Library/Developer/Xcode/DerivedData/Pubo-ffdsuafbzbosfghixevxzoavgcwm/Build/Intermediates.noindex/GeneratedModuleMaps-iphonesimulator/leveldb.modulemap -Xcc -fmodule-map-file\=/Users/anita/Library/Developer/Xcode/DerivedData/Pubo-ffdsuafbzbosfghixevxzoavgcwm/Build/Intermediates.noindex/GeneratedModuleMaps-iphonesimulator/FirebaseCoreExtension.modulemap -Xcc -fmodule-map-file\=/Users/anita/Library/Developer/Xcode/DerivedData/Pubo-ffdsuafbzbosfghixevxzoavgcwm/Build/Intermediates.noindex/GeneratedModuleMaps-iphonesimulator/FirebaseCore.modulemap -Xcc -fmodule-map-file\=/Users/anita/Library/Developer/Xcode/DerivedData/Pubo-ffdsuafbzbosfghixevxzoavgcwm/Build/Intermediates.noindex/GeneratedModuleMaps-iphonesimulator/FirebaseAppCheckInterop.modulemap -Xcc -fmodule-map-file\=/Users/anita/Library/Developer/Xcode/DerivedData/Pubo-ffdsuafbzbosfghixevxzoavgcwm/Build/Intermediates.noindex/GeneratedModuleMaps-iphonesimulator/FirebaseFirestoreInternalWrapper.modulemap -Xcc -fmodule-map-file\=/Users/anita/Library/Developer/Xcode/DerivedData/Pubo-ffdsuafbzbosfghixevxzoavgcwm/Build/Intermediates.noindex/GeneratedModuleMaps-iphonesimulator/FirebaseFirestoreTarget.modulemap -default-isolation\=MainActor -enable-bare-slash-regex -enable-upcoming-feature DisableOutwardActorInference -enable-upcoming-feature InferSendableFromCaptures -enable-upcoming-feature GlobalActorIsolatedTypesUsability -enable-upcoming-feature MemberImportVisibility -enable-upcoming-feature InferIsolatedConformances -enable-upcoming-feature NonisolatedNonsendingByDefault -enable-experimental-feature DebugDescriptionMacro -sdk /Applications/Xcode.app/Contents/Developer/Platforms/iPhoneSimulator.platform/Developer/SDKs/iPhoneSimulator26.2.sdk -target arm64-apple-ios17.0-simulator -g -module-cache-path /Users/anita/Library/Developer/Xcode/DerivedData/ModuleCache.noindex -Xfrontend -serialize-debugging-options -enable-testing -index-store-path /Users/anita/Library/Developer/Xcode/DerivedData/Pubo-ffdsuafbzbosfghixevxzoavgcwm/Index.noindex/DataStore -Xcc -D_LIBCPP_HARDENING_MODE\=_LIBCPP_HARDENING_MODE_DEBUG -swift-version 5 -I /Users/anita/Library/Developer/Xcode/DerivedData/Pubo-ffdsuafbzbosfghixevxzoavgcwm/Build/Products/Debug-iphonesimulator -F /Users/anita/Library/Developer/Xcode/DerivedData/Pubo-ffdsuafbzbosfghixevxzoavgcwm/Build/Products/Debug-iphonesimulator/PackageFrameworks -F /Users/anita/Library/Developer/Xcode/DerivedData/Pubo-ffdsuafbzbosfghixevxzoavgcwm/Build/Products/Debug-iphonesimulator/PackageFrameworks -F /Users/anita/Library/Developer/Xcode/DerivedData/Pubo-ffdsuafbzbosfghixevxzoavgcwm/Build/Products/Debug-iphonesimulator/PackageFrameworks -F /Users/anita/Library/Developer/Xcode/DerivedData/Pubo-ffdsuafbzbosfghixevxzoavgcwm/Build/Products/Debug-iphonesimulator/PackageFrameworks -F /Users/anita/Library/Developer/Xcode/DerivedData/Pubo-ffdsuafbzbosfghixevxzoavgcwm/Build/Products/Debug-iphonesimulator/PackageFrameworks -F /Users/anita/Library/Developer/Xcode/DerivedData/Pubo-ffdsuafbzbosfghixevxzoavgcwm/Build/Products/Debug-iphonesimulator/PackageFrameworks -F /Users/anita/Library/Developer/Xcode/DerivedData/Pubo-ffdsuafbzbosfghixevxzoavgcwm/Build/Products/Debug-iphonesimulator/PackageFrameworks -F /Users/anita/Library/Developer/Xcode/DerivedData/Pubo-ffdsuafbzbosfghixevxzoavgcwm/Build/Products/Debug-iphonesimulator/PackageFrameworks -F /Users/anita/Library/Developer/Xcode/DerivedData/Pubo-ffdsuafbzbosfghixevxzoavgcwm/Build/Products/Debug-iphonesimulator/PackageFrameworks -F /Users/anita/Library/Developer/Xcode/DerivedData/Pubo-ffdsuafbzbosfghixevxzoavgcwm/Build/Products/Debug-iphonesimulator/PackageFrameworks -F /Users/anita/Library/Developer/Xcode/DerivedData/Pubo-ffdsuafbzbosfghixevxzoavgcwm/Build/Products/Debug-iphonesimulator/PackageFrameworks -F /Users/anita/Library/Developer/Xcode/DerivedData/Pubo-ffdsuafbzbosfghixevxzoavgcwm/Build/Products/Debug-iphonesimulator/PackageFrameworks -F /Users/anita/Library/Developer/Xcode/DerivedData/Pubo-ffdsuafbzbosfghixevxzoavgcwm/Build/Products/Debug-iphonesimulator/PackageFrameworks -F /Users/anita/Library/Developer/Xcode/DerivedData/Pubo-ffdsuafbzbosfghixevxzoavgcwm/Build/Products/Debug-iphonesimulator/PackageFrameworks -F /Users/anita/Library/Developer/Xcode/DerivedData/Pubo-ffdsuafbzbosfghixevxzoavgcwm/Build/Products/Debug-iphonesimulator/PackageFrameworks -F /Users/anita/Library/Developer/Xcode/DerivedData/Pubo-ffdsuafbzbosfghixevxzoavgcwm/Build/Products/Debug-iphonesimulator/PackageFrameworks -F /Users/anita/Library/Developer/Xcode/DerivedData/Pubo-ffdsuafbzbosfghixevxzoavgcwm/Build/Products/Debug-iphonesimulator/PackageFrameworks -F /Users/anita/Library/Developer/Xcode/DerivedData/Pubo-ffdsuafbzbosfghixevxzoavgcwm/Build/Products/Debug-iphonesimulator/PackageFrameworks -F /Users/anita/Library/Developer/Xcode/DerivedData/Pubo-ffdsuafbzbosfghixevxzoavgcwm/Build/Products/Debug-iphonesimulator/PackageFrameworks -F /Users/anita/Library/Developer/Xcode/DerivedData/Pubo-ffdsuafbzbosfghixevxzoavgcwm/Build/Products/Debug-iphonesimulator/PackageFrameworks -F /Users/anita/Library/Developer/Xcode/DerivedData/Pubo-ffdsuafbzbosfghixevxzoavgcwm/Build/Products/Debug-iphonesimulator/PackageFrameworks -F /Users/anita/Library/Developer/Xcode/DerivedData/Pubo-ffdsuafbzbosfghixevxzoavgcwm/Build/Products/Debug-iphonesimulator/PackageFrameworks -F /Users/anita/Library/Developer/Xcode/DerivedData/Pubo-ffdsuafbzbosfghixevxzoavgcwm/Build/Products/Debug-iphonesimulator/PackageFrameworks -F /Users/anita/Library/Developer/Xcode/DerivedData/Pubo-ffdsuafbzbosfghixevxzoavgcwm/Build/Products/Debug-iphonesimulator/PackageFrameworks -F /Users/anita/Library/Developer/Xcode/DerivedData/Pubo-ffdsuafbzbosfghixevxzoavgcwm/Build/Products/Debug-iphonesimulator/PackageFrameworks -F /Users/anita/Library/Developer/Xcode/DerivedData/Pubo-ffdsuafbzbosfghixevxzoavgcwm/Build/Products/Debug-iphonesimulator/PackageFrameworks -F /Users/anita/Library/Developer/Xcode/DerivedData/Pubo-ffdsuafbzbosfghixevxzoavgcwm/Build/Products/Debug-iphonesimulator/PackageFrameworks -F /Users/anita/Library/Developer/Xcode/DerivedData/Pubo-ffdsuafbzbosfghixevxzoavgcwm/Build/Products/Debug-iphonesimulator/PackageFrameworks -F /Users/anita/Library/Developer/Xcode/DerivedData/Pubo-ffdsuafbzbosfghixevxzoavgcwm/Build/Products/Debug-iphonesimulator/PackageFrameworks -F /Users/anita/Library/Developer/Xcode/DerivedData/Pubo-ffdsuafbzbosfghixevxzoavgcwm/Build/Products/Debug-iphonesimulator/PackageFrameworks -F /Users/anita/Library/Developer/Xcode/DerivedData/Pubo-ffdsuafbzbosfghixevxzoavgcwm/Build/Products/Debug-iphonesimulator/PackageFrameworks -F /Users/anita/Library/Developer/Xcode/DerivedData/Pubo-ffdsuafbzbosfghixevxzoavgcwm/Build/Products/Debug-iphonesimulator/PackageFrameworks -F /Users/anita/Library/Developer/Xcode/DerivedData/Pubo-ffdsuafbzbosfghixevxzoavgcwm/Build/Products/Debug-iphonesimulator/PackageFrameworks -F /Users/anita/Library/Developer/Xcode/DerivedData/Pubo-ffdsuafbzbosfghixevxzoavgcwm/Build/Products/Debug-iphonesimulator/PackageFrameworks -F /Users/anita/Library/Developer/Xcode/DerivedData/Pubo-ffdsuafbzbosfghixevxzoavgcwm/Build/Products/Debug-iphonesimulator/PackageFrameworks -F /Users/anita/Library/Developer/Xcode/DerivedData/Pubo-ffdsuafbzbosfghixevxzoavgcwm/Build/Products/Debug-iphonesimulator/PackageFrameworks -F /Users/anita/Library/Developer/Xcode/DerivedData/Pubo-ffdsuafbzbosfghixevxzoavgcwm/Build/Products/Debug-iphonesimulator/PackageFrameworks -F /Users/anita/Library/Developer/Xcode/DerivedData/Pubo-ffdsuafbzbosfghixevxzoavgcwm/Build/Products/Debug-iphonesimulator/PackageFrameworks -F /Users/anita/Library/Developer/Xcode/DerivedData/Pubo-ffdsuafbzbosfghixevxzoavgcwm/Build/Products/Debug-iphonesimulator/PackageFrameworks -F /Users/anita/Library/Developer/Xcode/DerivedData/Pubo-ffdsuafbzbosfghixevxzoavgcwm/Build/Products/Debug-iphonesimulator/PackageFrameworks -F /Users/anita/Library/Developer/Xcode/DerivedData/Pubo-ffdsuafbzbosfghixevxzoavgcwm/Build/Products/Debug-iphonesimulator/PackageFrameworks -F /Users/anita/Library/Developer/Xcode/DerivedData/Pubo-ffdsuafbzbosfghixevxzoavgcwm/Build/Products/Debug-iphonesimulator/PackageFrameworks -F /Users/anita/Library/Developer/Xcode/DerivedData/Pubo-ffdsuafbzbosfghixevxzoavgcwm/Build/Products/Debug-iphonesimulator/PackageFrameworks -F /Users/anita/Library/Developer/Xcode/DerivedData/Pubo-ffdsuafbzbosfghixevxzoavgcwm/Build/Products/Debug-iphonesimulator/PackageFrameworks -F /Users/anita/Library/Developer/Xcode/DerivedData/Pubo-ffdsuafbzbosfghixevxzoavgcwm/Build/Products/Debug-iphonesimulator/PackageFrameworks -F /Users/anita/Library/Developer/Xcode/DerivedData/Pubo-ffdsuafbzbosfghixevxzoavgcwm/Build/Products/Debug-iphonesimulator/PackageFrameworks -F /Users/anita/Library/Developer/Xcode/DerivedData/Pubo-ffdsuafbzbosfghixevxzoavgcwm/Build/Products/Debug-iphonesimulator -emit-localized-strings -emit-localized-strings-path /Users/anita/Library/Developer/Xcode/DerivedData/Pubo-ffdsuafbzbosfghixevxzoavgcwm/Build/Intermediates.noindex/Pubo.build/Debug-iphonesimulator/Pubo.build/Objects-normal/arm64 -c -j8 -enable-batch-mode -incremental -Xcc -ivfsstatcache -Xcc /Users/anita/Library/Developer/Xcode/DerivedData/SDKStatCaches.noindex/iphonesimulator26.2-23C53-7d00a8b37fbd7999ea79df8ebc024bf0.sdkstatcache -output-file-map /Users/anita/Library/Developer/Xcode/DerivedData/Pubo-ffdsuafbzbosfghixevxzoavgcwm/Build/Intermediates.noindex/Pubo.build/Debug-iphonesimulator/Pubo.build/Objects-normal/arm64/Pubo-OutputFileMap.json -use-frontend-parseable-output -save-temps -no-color-diagnostics -explicit-module-build -module-cache-path /Users/anita/Library/Developer/Xcode/DerivedData/Pubo-ffdsuafbzbosfghixevxzoavgcwm/Build/Intermediates.noindex/SwiftExplicitPrecompiledModules -clang-scanner-module-cache-path /Users/anita/Library/Developer/Xcode/DerivedData/ModuleCache.noindex -sdk-module-cache-path /Users/anita/Library/Developer/Xcode/DerivedData/ModuleCache.noindex -serialize-diagnostics -emit-dependencies -emit-module -emit-module-path /Users/anita/Library/Developer/Xcode/DerivedData/Pubo-ffdsuafbzbosfghixevxzoavgcwm/Build/Intermediates.noindex/Pubo.build/Debug-iphonesimulator/Pubo.build/Objects-normal/arm64/Pubo.swiftmodule -validate-clang-modules-once -clang-build-session-file /Users/anita/Library/Developer/Xcode/DerivedData/ModuleCache.noindex/Session.modulevalidation -Xcc -I/Users/anita/Library/Developer/Xcode/DerivedData/Pubo-ffdsuafbzbosfghixevxzoavgcwm/Build/Intermediates.noindex/Pubo.build/Debug-iphonesimulator/Pubo.build/swift-overrides.hmap -emit-const-values -Xfrontend -const-gather-protocols-file -Xfrontend /Users/anita/Library/Developer/Xcode/DerivedData/Pubo-ffdsuafbzbosfghixevxzoavgcwm/Build/Intermediates.noindex/Pubo.build/Debug-iphonesimulator/Pubo.build/Objects-normal/arm64/Pubo_const_extract_protocols.json -Xcc -iquote -Xcc /Users/anita/Library/Developer/Xcode/DerivedData/Pubo-ffdsuafbzbosfghixevxzoavgcwm/Build/Intermediates.noindex/Pubo.build/Debug-iphonesimulator/Pubo.build/Pubo-generated-files.hmap -Xcc -I/Users/anita/Library/Developer/Xcode/DerivedData/Pubo-ffdsuafbzbosfghixevxzoavgcwm/Build/Intermediates.noindex/Pubo.build/Debug-iphonesimulator/Pubo.build/Pubo-own-target-headers.hmap -Xcc -I/Users/anita/Library/Developer/Xcode/DerivedData/Pubo-ffdsuafbzbosfghixevxzoavgcwm/Build/Intermediates.noindex/Pubo.build/Debug-iphonesimulator/Pubo.build/Pubo-all-non-framework-target-headers.hmap -Xcc -ivfsoverlay -Xcc /Users/anita/Library/Developer/Xcode/DerivedData/Pubo-ffdsuafbzbosfghixevxzoavgcwm/Build/Intermediates.noindex/Pubo.build/Debug-iphonesimulator/Pubo-5590fd6f6c79c9241881acde94f6a577-VFS-iphonesimulator/all-product-headers.yaml -Xcc -iquote -Xcc /Users/anita/Library/Developer/Xcode/DerivedData/Pubo-ffdsuafbzbosfghixevxzoavgcwm/Build/Intermediates.noindex/Pubo.build/Debug-iphonesimulator/Pubo.build/Pubo-project-headers.hmap -Xcc -I/Users/anita/Library/Developer/Xcode/DerivedData/Pubo-ffdsuafbzbosfghixevxzoavgcwm/SourcePackages/checkouts/firebase-ios-sdk/FirebaseMessaging/Interop -Xcc -I/Users/anita/Library/Developer/Xcode/DerivedData/Pubo-ffdsuafbzbosfghixevxzoavgcwm/SourcePackages/checkouts/interop-ios-for-google-sdks/RecaptchaEnterprise/RecaptchaInterop/Public -Xcc -I/Users/anita/Library/Developer/Xcode/DerivedData/Pubo-ffdsuafbzbosfghixevxzoavgcwm/SourcePackages/checkouts/gtm-session-fetcher/Sources/Core/Public -Xcc -I/Users/anita/Library/Developer/Xcode/DerivedData/Pubo-ffdsuafbzbosfghixevxzoavgcwm/SourcePackages/checkouts/firebase-ios-sdk/FirebaseAuth/Sources/Public -Xcc -I/Users/anita/Library/Developer/Xcode/DerivedData/Pubo-ffdsuafbzbosfghixevxzoavgcwm/SourcePackages/checkouts/firebase-ios-sdk/FirebaseAuth/Interop/Public -Xcc -I/Users/anita/Library/Developer/Xcode/DerivedData/Pubo-ffdsuafbzbosfghixevxzoavgcwm/SourcePackages/checkouts/google-ads-on-device-conversion-ios-sdk/GoogleAdsOnDeviceConversionWrapper/include -Xcc -I/Users/anita/Library/Developer/Xcode/DerivedData/Pubo-ffdsuafbzbosfghixevxzoavgcwm/SourcePackages/checkouts/GoogleAppMeasurement/GoogleAppMeasurementWrapper/include -Xcc -I/Users/anita/Library/Developer/Xcode/DerivedData/Pubo-ffdsuafbzbosfghixevxzoavgcwm/SourcePackages/checkouts/GoogleUtilities/GoogleUtilities/AppDelegateSwizzler/Public -Xcc -I/Users/anita/Library/Developer/Xcode/DerivedData/Pubo-ffdsuafbzbosfghixevxzoavgcwm/SourcePackages/checkouts/GoogleUtilities/GoogleUtilities/Reachability/Public -Xcc -I/Users/anita/Library/Developer/Xcode/DerivedData/Pubo-ffdsuafbzbosfghixevxzoavgcwm/SourcePackages/checkouts/GoogleUtilities/GoogleUtilities/Network/Public -Xcc -I/Users/anita/Library/Developer/Xcode/DerivedData/Pubo-ffdsuafbzbosfghixevxzoavgcwm/SourcePackages/checkouts/firebase-ios-sdk/FirebaseAnalyticsWrapper/include -Xcc -I/Users/anita/Library/Developer/Xcode/DerivedData/Pubo-ffdsuafbzbosfghixevxzoavgcwm/SourcePackages/checkouts/firebase-ios-sdk/SwiftPM-PlatformExclude/FirebaseAnalyticsWrap/include -Xcc -I/Users/anita/Library/Developer/Xcode/DerivedData/Pubo-ffdsuafbzbosfghixevxzoavgcwm/SourcePackages/checkouts/GoogleUtilities/GoogleUtilities/UserDefaults/Public -Xcc -I/Users/anita/Library/Developer/Xcode/DerivedData/Pubo-ffdsuafbzbosfghixevxzoavgcwm/SourcePackages/checkouts/promises/Sources/FBLPromises/include -Xcc -I/Users/anita/Library/Developer/Xcode/DerivedData/Pubo-ffdsuafbzbosfghixevxzoavgcwm/SourcePackages/checkouts/GoogleDataTransport/GoogleDataTransport/GDTCORLibrary/Public -Xcc -I/Users/anita/Library/Developer/Xcode/DerivedData/Pubo-ffdsuafbzbosfghixevxzoavgcwm/SourcePackages/checkouts/GoogleUtilities/GoogleUtilities/MethodSwizzler/Public -Xcc -I/Users/anita/Library/Developer/Xcode/DerivedData/Pubo-ffdsuafbzbosfghixevxzoavgcwm/SourcePackages/checkouts/firebase-ios-sdk/FirebasePerformance/Sources/Public -Xcc -I/Users/anita/Library/Developer/Xcode/DerivedData/Pubo-ffdsuafbzbosfghixevxzoavgcwm/SourcePackages/checkouts/firebase-ios-sdk/FirebaseSessions/SourcesObjC -Xcc -I/Users/anita/Library/Developer/Xcode/DerivedData/Pubo-ffdsuafbzbosfghixevxzoavgcwm/SourcePackages/checkouts/firebase-ios-sdk/FirebaseRemoteConfig/Sources/Public -Xcc -I/Users/anita/Library/Developer/Xcode/DerivedData/Pubo-ffdsuafbzbosfghixevxzoavgcwm/SourcePackages/checkouts/firebase-ios-sdk/FirebaseABTesting/Sources/Public -Xcc -I/Users/anita/Library/Developer/Xcode/DerivedData/Pubo-ffdsuafbzbosfghixevxzoavgcwm/SourcePackages/checkouts/firebase-ios-sdk/FirebaseInstallations/Source/Library/Public -Xcc -I/Users/anita/Library/Developer/Xcode/DerivedData/Pubo-ffdsuafbzbosfghixevxzoavgcwm/SourcePackages/checkouts/firebase-ios-sdk/SwiftPM-PlatformExclude/FirebasePerformanceWrap/include -Xcc -I/Users/anita/Library/Developer/Xcode/DerivedData/Pubo-ffdsuafbzbosfghixevxzoavgcwm/SourcePackages/checkouts/GoogleUtilities/GoogleUtilities/NSData+zlib/Public -Xcc -I/Users/anita/Library/Developer/Xcode/DerivedData/Pubo-ffdsuafbzbosfghixevxzoavgcwm/SourcePackages/checkouts/GoogleUtilities/GoogleUtilities/Environment/Public -Xcc -I/Users/anita/Library/Developer/Xcode/DerivedData/Pubo-ffdsuafbzbosfghixevxzoavgcwm/SourcePackages/checkouts/GoogleUtilities/third_party/IsAppEncrypted/Public -Xcc -I/Users/anita/Library/Developer/Xcode/DerivedData/Pubo-ffdsuafbzbosfghixevxzoavgcwm/SourcePackages/checkouts/GoogleUtilities/GoogleUtilities/Logger/Public -Xcc -I/Users/anita/Library/Developer/Xcode/DerivedData/Pubo-ffdsuafbzbosfghixevxzoavgcwm/SourcePackages/checkouts/abseil-cpp-binary/absl-Wrapper/include -Xcc -I/Users/anita/Library/Developer/Xcode/DerivedData/Pubo-ffdsuafbzbosfghixevxzoavgcwm/SourcePackages/checkouts/grpc-binary/openssl-grpc-Wrapper/include -Xcc -I/Users/anita/Library/Developer/Xcode/DerivedData/Pubo-ffdsuafbzbosfghixevxzoavgcwm/SourcePackages/checkouts/grpc-binary/grpc-Wrapper/include -Xcc -I/Users/anita/Library/Developer/Xcode/DerivedData/Pubo-ffdsuafbzbosfghixevxzoavgcwm/SourcePackages/checkouts/grpc-binary/grpcpp-Wrapper/include -Xcc -I/Users/anita/Library/Developer/Xcode/DerivedData/Pubo-ffdsuafbzbosfghixevxzoavgcwm/SourcePackages/checkouts/nanopb/spm_headers -Xcc -I/Users/anita/Library/Developer/Xcode/DerivedData/Pubo-ffdsuafbzbosfghixevxzoavgcwm/SourcePackages/checkouts/leveldb/include -Xcc -I/Users/anita/Library/Developer/Xcode/DerivedData/Pubo-ffdsuafbzbosfghixevxzoavgcwm/SourcePackages/checkouts/firebase-ios-sdk/FirebaseCore/Extension -Xcc -I/Users/anita/Library/Developer/Xcode/DerivedData/Pubo-ffdsuafbzbosfghixevxzoavgcwm/SourcePackages/checkouts/firebase-ios-sdk/FirebaseCore/Sources/Public -Xcc -I/Users/anita/Library/Developer/Xcode/DerivedData/Pubo-ffdsuafbzbosfghixevxzoavgcwm/SourcePackages/checkouts/firebase-ios-sdk/CoreOnly/Sources -Xcc -I/Users/anita/Library/Developer/Xcode/DerivedData/Pubo-ffdsuafbzbosfghixevxzoavgcwm/SourcePackages/checkouts/firebase-ios-sdk/FirebaseAppCheck/Interop/Public -Xcc -I/Users/anita/Library/Developer/Xcode/DerivedData/Pubo-ffdsuafbzbosfghixevxzoavgcwm/SourcePackages/checkouts/firebase-ios-sdk/FirebaseFirestoreInternal -Xcc -I/Users/anita/Library/Developer/Xcode/DerivedData/Pubo-ffdsuafbzbosfghixevxzoavgcwm/SourcePackages/checkouts/firebase-ios-sdk/SwiftPM-PlatformExclude/FirebaseFirestoreWrap/include -Xcc -I/Users/anita/Library/Developer/Xcode/DerivedData/Pubo-ffdsuafbzbosfghixevxzoavgcwm/Build/Products/Debug-iphonesimulator/include -Xcc -I/Users/anita/Library/Developer/Xcode/DerivedData/Pubo-ffdsuafbzbosfghixevxzoavgcwm/Build/Intermediates.noindex/Pubo.build/Debug-iphonesimulator/Pubo.build/DerivedSources-normal/arm64 -Xcc -I/Users/anita/Library/Developer/Xcode/DerivedData/Pubo-ffdsuafbzbosfghixevxzoavgcwm/Build/Intermediates.noindex/Pubo.build/Debug-iphonesimulator/Pubo.build/DerivedSources/arm64 -Xcc -I/Users/anita/Library/Developer/Xcode/DerivedData/Pubo-ffdsuafbzbosfghixevxzoavgcwm/Build/Intermediates.noindex/Pubo.build/Debug-iphonesimulator/Pubo.build/DerivedSources -Xcc -DDEBUG\=1 -emit-objc-header -emit-objc-header-path /Users/anita/Library/Developer/Xcode/DerivedData/Pubo-ffdsuafbzbosfghixevxzoavgcwm/Build/Intermediates.noindex/Pubo.build/Debug-iphonesimulator/Pubo.build/Objects-normal/arm64/Pubo-Swift.h -working-directory /Users/anita/Cursor/PUBO/ios/Pubo -experimental-emit-module-separately -disable-cmo

CompileAssetCatalogVariant thinned /Users/anita/Library/Developer/Xcode/DerivedData/Pubo-ffdsuafbzbosfghixevxzoavgcwm/Build/Products/Debug-iphonesimulator/Pubo.app /Users/anita/Cursor/PUBO/ios/Pubo/Pubo/Assets.xcassets (in target 'Pubo' from project 'Pubo')
    cd /Users/anita/Cursor/PUBO/ios/Pubo
    /Applications/Xcode.app/Contents/Developer/usr/bin/actool /Users/anita/Cursor/PUBO/ios/Pubo/Pubo/Assets.xcassets --compile /Users/anita/Library/Developer/Xcode/DerivedData/Pubo-ffdsuafbzbosfghixevxzoavgcwm/Build/Intermediates.noindex/Pubo.build/Debug-iphonesimulator/Pubo.build/assetcatalog_output/thinned --output-format human-readable-text --notices --warnings --export-dependency-info /Users/anita/Library/Developer/Xcode/DerivedData/Pubo-ffdsuafbzbosfghixevxzoavgcwm/Build/Intermediates.noindex/Pubo.build/Debug-iphonesimulator/Pubo.build/assetcatalog_dependencies_thinned --output-partial-info-plist /Users/anita/Library/Developer/Xcode/DerivedData/Pubo-ffdsuafbzbosfghixevxzoavgcwm/Build/Intermediates.noindex/Pubo.build/Debug-iphonesimulator/Pubo.build/assetcatalog_generated_info.plist_thinned --app-icon AppIcon --accent-color AccentColor --compress-pngs --enable-on-demand-resources YES --filter-for-thinning-device-configuration iPhone18,2 --filter-for-device-os-version 26.2 --development-region en --target-device iphone --target-device ipad --minimum-deployment-target 17.0 --platform iphonesimulator

ConstructStubExecutorLinkFileList /Users/anita/Library/Developer/Xcode/DerivedData/Pubo-ffdsuafbzbosfghixevxzoavgcwm/Build/Intermediates.noindex/Pubo.build/Debug-iphonesimulator/PuboShare.build/PuboShare-ExecutorLinkFileList-normal-arm64.txt (in target 'PuboShare' from project 'Pubo')
    cd /Users/anita/Cursor/PUBO/ios/Pubo
    construct-stub-executor-link-file-list /Users/anita/Library/Developer/Xcode/DerivedData/Pubo-ffdsuafbzbosfghixevxzoavgcwm/Build/Products/Debug-iphonesimulator/PuboShare.appex/PuboShare.debug.dylib /Applications/Xcode.app/Contents/Developer/Platforms/iPhoneSimulator.platform/Developer/usr/lib/libPreviewsJITStubExecutor_no_swift_entry_point.a /Applications/Xcode.app/Contents/Developer/Platforms/iPhoneSimulator.platform/Developer/usr/lib/libPreviewsJITStubExecutor.a --output /Users/anita/Library/Developer/Xcode/DerivedData/Pubo-ffdsuafbzbosfghixevxzoavgcwm/Build/Intermediates.noindex/Pubo.build/Debug-iphonesimulator/PuboShare.build/PuboShare-ExecutorLinkFileList-normal-arm64.txt
note: Using stub executor library without Swift entry point. (in target 'PuboShare' from project 'Pubo')

Ld /Users/anita/Library/Developer/Xcode/DerivedData/Pubo-ffdsuafbzbosfghixevxzoavgcwm/Build/Products/Debug-iphonesimulator/PuboShare.appex/PuboShare normal (in target 'PuboShare' from project 'Pubo')
    cd /Users/anita/Cursor/PUBO/ios/Pubo
    /Applications/Xcode.app/Contents/Developer/Toolchains/XcodeDefault.xctoolchain/usr/bin/clang -Xlinker -reproducible -target arm64-apple-ios17.0-simulator -isysroot /Applications/Xcode.app/Contents/Developer/Platforms/iPhoneSimulator.platform/Developer/SDKs/iPhoneSimulator26.2.sdk -O0 -L/Users/anita/Library/Developer/Xcode/DerivedData/Pubo-ffdsuafbzbosfghixevxzoavgcwm/Build/Products/Debug-iphonesimulator -F/Users/anita/Library/Developer/Xcode/DerivedData/Pubo-ffdsuafbzbosfghixevxzoavgcwm/Build/Products/Debug-iphonesimulator -Xlinker -rpath -Xlinker @executable_path -Xlinker -rpath -Xlinker @executable_path/Frameworks -Xlinker -rpath -Xlinker @executable_path/../../Frameworks -rdynamic -Xlinker -no_deduplicate -Xlinker -objc_abi_version -Xlinker 2 -e ___debug_blank_executor_main -Xlinker -sectcreate -Xlinker __TEXT -Xlinker __debug_dylib -Xlinker /Users/anita/Library/Developer/Xcode/DerivedData/Pubo-ffdsuafbzbosfghixevxzoavgcwm/Build/Intermediates.noindex/Pubo.build/Debug-iphonesimulator/PuboShare.build/PuboShare-DebugDylibPath-normal-arm64.txt -Xlinker -sectcreate -Xlinker __TEXT -Xlinker __debug_entry -Xlinker /Users/anita/Library/Developer/Xcode/DerivedData/Pubo-ffdsuafbzbosfghixevxzoavgcwm/Build/Intermediates.noindex/Pubo.build/Debug-iphonesimulator/PuboShare.build/PuboShare-DebugEntryPoint-normal-arm64.txt -Xlinker -sectcreate -Xlinker __TEXT -Xlinker __debug_instlnm -Xlinker /Users/anita/Library/Developer/Xcode/DerivedData/Pubo-ffdsuafbzbosfghixevxzoavgcwm/Build/Intermediates.noindex/Pubo.build/Debug-iphonesimulator/PuboShare.build/PuboShare-DebugDylibInstallName-normal-arm64.txt -Xlinker -filelist -Xlinker /Users/anita/Library/Developer/Xcode/DerivedData/Pubo-ffdsuafbzbosfghixevxzoavgcwm/Build/Intermediates.noindex/Pubo.build/Debug-iphonesimulator/PuboShare.build/PuboShare-ExecutorLinkFileList-normal-arm64.txt -Xlinker -sectcreate -Xlinker __TEXT -Xlinker __entitlements -Xlinker /Users/anita/Library/Developer/Xcode/DerivedData/Pubo-ffdsuafbzbosfghixevxzoavgcwm/Build/Intermediates.noindex/Pubo.build/Debug-iphonesimulator/PuboShare.build/PuboShare.appex-Simulated.xcent -Xlinker -sectcreate -Xlinker __TEXT -Xlinker __ents_der -Xlinker /Users/anita/Library/Developer/Xcode/DerivedData/Pubo-ffdsuafbzbosfghixevxzoavgcwm/Build/Intermediates.noindex/Pubo.build/Debug-iphonesimulator/PuboShare.build/PuboShare.appex-Simulated.xcent.der /Users/anita/Library/Developer/Xcode/DerivedData/Pubo-ffdsuafbzbosfghixevxzoavgcwm/Build/Products/Debug-iphonesimulator/PuboShare.appex/PuboShare.debug.dylib -Xlinker -no_adhoc_codesign -o /Users/anita/Library/Developer/Xcode/DerivedData/Pubo-ffdsuafbzbosfghixevxzoavgcwm/Build/Products/Debug-iphonesimulator/PuboShare.appex/PuboShare

ExtractAppIntentsMetadata (in target 'PuboShare' from project 'Pubo')
    cd /Users/anita/Cursor/PUBO/ios/Pubo
    /Applications/Xcode.app/Contents/Developer/Toolchains/XcodeDefault.xctoolchain/usr/bin/appintentsmetadataprocessor --toolchain-dir /Applications/Xcode.app/Contents/Developer/Toolchains/XcodeDefault.xctoolchain --module-name PuboShare --sdk-root /Applications/Xcode.app/Contents/Developer/Platforms/iPhoneSimulator.platform/Developer/SDKs/iPhoneSimulator26.2.sdk --xcode-version 17C52 --platform-family iOS --deployment-target 17.0 --bundle-identifier com.anita.Pubo.PuboShare --output /Users/anita/Library/Developer/Xcode/DerivedData/Pubo-ffdsuafbzbosfghixevxzoavgcwm/Build/Products/Debug-iphonesimulator/PuboShare.appex --target-triple arm64-apple-ios17.0-simulator --binary-file /Users/anita/Library/Developer/Xcode/DerivedData/Pubo-ffdsuafbzbosfghixevxzoavgcwm/Build/Products/Debug-iphonesimulator/PuboShare.appex/PuboShare --dependency-file /Users/anita/Library/Developer/Xcode/DerivedData/Pubo-ffdsuafbzbosfghixevxzoavgcwm/Build/Intermediates.noindex/Pubo.build/Debug-iphonesimulator/PuboShare.build/Objects-normal/arm64/PuboShare_dependency_info.dat --stringsdata-file /Users/anita/Library/Developer/Xcode/DerivedData/Pubo-ffdsuafbzbosfghixevxzoavgcwm/Build/Intermediates.noindex/Pubo.build/Debug-iphonesimulator/PuboShare.build/Objects-normal/arm64/ExtractedAppShortcutsMetadata.stringsdata --source-file-list /Users/anita/Library/Developer/Xcode/DerivedData/Pubo-ffdsuafbzbosfghixevxzoavgcwm/Build/Intermediates.noindex/Pubo.build/Debug-iphonesimulator/PuboShare.build/Objects-normal/arm64/PuboShare.SwiftFileList --metadata-file-list /Users/anita/Library/Developer/Xcode/DerivedData/Pubo-ffdsuafbzbosfghixevxzoavgcwm/Build/Intermediates.noindex/Pubo.build/Debug-iphonesimulator/PuboShare.build/PuboShare.DependencyMetadataFileList --static-metadata-file-list /Users/anita/Library/Developer/Xcode/DerivedData/Pubo-ffdsuafbzbosfghixevxzoavgcwm/Build/Intermediates.noindex/Pubo.build/Debug-iphonesimulator/PuboShare.build/PuboShare.DependencyStaticMetadataFileList --swift-const-vals-list /Users/anita/Library/Developer/Xcode/DerivedData/Pubo-ffdsuafbzbosfghixevxzoavgcwm/Build/Intermediates.noindex/Pubo.build/Debug-iphonesimulator/PuboShare.build/Objects-normal/arm64/PuboShare.SwiftConstValuesFileList --compile-time-extraction --deployment-aware-processing --validate-assistant-intents --no-app-shortcuts-localization
2026-05-31 00:30:38.483 appintentsmetadataprocessor[80637:2502623] Starting appintentsmetadataprocessor export
2026-05-31 00:30:38.485 appintentsmetadataprocessor[80637:2502623] warning: Metadata extraction skipped. No AppIntents.framework dependency found.

CodeSign /Users/anita/Library/Developer/Xcode/DerivedData/Pubo-ffdsuafbzbosfghixevxzoavgcwm/Build/Products/Debug-iphonesimulator/PuboShare.appex/PuboShare.debug.dylib (in target 'PuboShare' from project 'Pubo')
    cd /Users/anita/Cursor/PUBO/ios/Pubo
    
    Signing Identity:     "Sign to Run Locally"
    
    /usr/bin/codesign --force --sign - --timestamp\=none --generate-entitlement-der /Users/anita/Library/Developer/Xcode/DerivedData/Pubo-ffdsuafbzbosfghixevxzoavgcwm/Build/Products/Debug-iphonesimulator/PuboShare.appex/PuboShare.debug.dylib

CodeSign /Users/anita/Library/Developer/Xcode/DerivedData/Pubo-ffdsuafbzbosfghixevxzoavgcwm/Build/Products/Debug-iphonesimulator/PuboShare.appex (in target 'PuboShare' from project 'Pubo')
    cd /Users/anita/Cursor/PUBO/ios/Pubo
    
    Signing Identity:     "Sign to Run Locally"
    
    /usr/bin/codesign --force --sign - --entitlements /Users/anita/Library/Developer/Xcode/DerivedData/Pubo-ffdsuafbzbosfghixevxzoavgcwm/Build/Intermediates.noindex/Pubo.build/Debug-iphonesimulator/PuboShare.build/PuboShare.appex.xcent --timestamp\=none --generate-entitlement-der /Users/anita/Library/Developer/Xcode/DerivedData/Pubo-ffdsuafbzbosfghixevxzoavgcwm/Build/Products/Debug-iphonesimulator/PuboShare.appex

SwiftCompile normal arm64 Compiling\ Models.swift,\ PuboMigrationPlan.swift,\ PuboModels.swift,\ Schema.swift,\ ShareExtensionShared.swift,\ AuthManager.swift,\ AutoAlignmentService.swift,\ BackgroundTaskManager.swift /Users/anita/Cursor/PUBO/ios/Pubo/Pubo/Models/Models.swift /Users/anita/Cursor/PUBO/ios/Pubo/Pubo/Models/PuboMigrationPlan.swift /Users/anita/Cursor/PUBO/ios/Pubo/Pubo/Models/PuboModels.swift /Users/anita/Cursor/PUBO/ios/Pubo/Pubo/Models/Schema.swift /Users/anita/Cursor/PUBO/ios/Pubo/Pubo/Models/ShareExtensionShared.swift /Users/anita/Cursor/PUBO/ios/Pubo/Pubo/Services/AuthManager.swift /Users/anita/Cursor/PUBO/ios/Pubo/Pubo/Services/AutoAlignmentService.swift /Users/anita/Cursor/PUBO/ios/Pubo/Pubo/Services/BackgroundTaskManager.swift (in target 'Pubo' from project 'Pubo')
SwiftCompile normal arm64 /Users/anita/Cursor/PUBO/ios/Pubo/Pubo/Models/Models.swift (in target 'Pubo' from project 'Pubo')
    cd /Users/anita/Cursor/PUBO/ios/Pubo
    

SwiftCompile normal arm64 /Users/anita/Cursor/PUBO/ios/Pubo/Pubo/Models/PuboMigrationPlan.swift (in target 'Pubo' from project 'Pubo')
    cd /Users/anita/Cursor/PUBO/ios/Pubo
    

SwiftCompile normal arm64 /Users/anita/Cursor/PUBO/ios/Pubo/Pubo/Models/PuboModels.swift (in target 'Pubo' from project 'Pubo')
    cd /Users/anita/Cursor/PUBO/ios/Pubo
    

SwiftCompile normal arm64 /Users/anita/Cursor/PUBO/ios/Pubo/Pubo/Models/Schema.swift (in target 'Pubo' from project 'Pubo')
    cd /Users/anita/Cursor/PUBO/ios/Pubo
    

SwiftCompile normal arm64 /Users/anita/Cursor/PUBO/ios/Pubo/Pubo/Models/ShareExtensionShared.swift (in target 'Pubo' from project 'Pubo')
    cd /Users/anita/Cursor/PUBO/ios/Pubo
    

SwiftCompile normal arm64 /Users/anita/Cursor/PUBO/ios/Pubo/Pubo/Services/AuthManager.swift (in target 'Pubo' from project 'Pubo')
    cd /Users/anita/Cursor/PUBO/ios/Pubo
    

SwiftCompile normal arm64 /Users/anita/Cursor/PUBO/ios/Pubo/Pubo/Services/AutoAlignmentService.swift (in target 'Pubo' from project 'Pubo')
    cd /Users/anita/Cursor/PUBO/ios/Pubo
    

SwiftCompile normal arm64 /Users/anita/Cursor/PUBO/ios/Pubo/Pubo/Services/BackgroundTaskManager.swift (in target 'Pubo' from project 'Pubo')
    cd /Users/anita/Cursor/PUBO/ios/Pubo
    

SwiftCompile normal arm64 Compiling\ FloatingTaskInbox.swift,\ LinkAnalysisQueueSheet.swift,\ SwipeToDeleteWrapper.swift,\ TaskQueueSheet.swift,\ AddSpotSheet.swift,\ AddToTripSheet.swift,\ AllCuratedPostsView.swift,\ CollaborateSheet.swift /Users/anita/Cursor/PUBO/ios/Pubo/Pubo/Views/Components/FloatingTaskInbox.swift /Users/anita/Cursor/PUBO/ios/Pubo/Pubo/Views/Components/LinkAnalysisQueueSheet.swift /Users/anita/Cursor/PUBO/ios/Pubo/Pubo/Views/Components/SwipeToDeleteWrapper.swift /Users/anita/Cursor/PUBO/ios/Pubo/Pubo/Views/Components/TaskQueueSheet.swift /Users/anita/Cursor/PUBO/ios/Pubo/Pubo/Views/NewUI/AddSpotSheet.swift /Users/anita/Cursor/PUBO/ios/Pubo/Pubo/Views/NewUI/AddToTripSheet.swift /Users/anita/Cursor/PUBO/ios/Pubo/Pubo/Views/NewUI/AllCuratedPostsView.swift /Users/anita/Cursor/PUBO/ios/Pubo/Pubo/Views/NewUI/CollaborateSheet.swift (in target 'Pubo' from project 'Pubo')
SwiftCompile normal arm64 /Users/anita/Cursor/PUBO/ios/Pubo/Pubo/Views/Components/FloatingTaskInbox.swift (in target 'Pubo' from project 'Pubo')
    cd /Users/anita/Cursor/PUBO/ios/Pubo
    

SwiftCompile normal arm64 /Users/anita/Cursor/PUBO/ios/Pubo/Pubo/Views/Components/LinkAnalysisQueueSheet.swift (in target 'Pubo' from project 'Pubo')
    cd /Users/anita/Cursor/PUBO/ios/Pubo
    

SwiftCompile normal arm64 /Users/anita/Cursor/PUBO/ios/Pubo/Pubo/Views/Components/SwipeToDeleteWrapper.swift (in target 'Pubo' from project 'Pubo')
    cd /Users/anita/Cursor/PUBO/ios/Pubo
    

SwiftCompile normal arm64 /Users/anita/Cursor/PUBO/ios/Pubo/Pubo/Views/Components/TaskQueueSheet.swift (in target 'Pubo' from project 'Pubo')
    cd /Users/anita/Cursor/PUBO/ios/Pubo
    

SwiftCompile normal arm64 /Users/anita/Cursor/PUBO/ios/Pubo/Pubo/Views/NewUI/AddSpotSheet.swift (in target 'Pubo' from project 'Pubo')
    cd /Users/anita/Cursor/PUBO/ios/Pubo
    

SwiftCompile normal arm64 /Users/anita/Cursor/PUBO/ios/Pubo/Pubo/Views/NewUI/AddToTripSheet.swift (in target 'Pubo' from project 'Pubo')
    cd /Users/anita/Cursor/PUBO/ios/Pubo
    

SwiftCompile normal arm64 /Users/anita/Cursor/PUBO/ios/Pubo/Pubo/Views/NewUI/AllCuratedPostsView.swift (in target 'Pubo' from project 'Pubo')
    cd /Users/anita/Cursor/PUBO/ios/Pubo
    

SwiftCompile normal arm64 /Users/anita/Cursor/PUBO/ios/Pubo/Pubo/Views/NewUI/CollaborateSheet.swift (in target 'Pubo' from project 'Pubo')
    cd /Users/anita/Cursor/PUBO/ios/Pubo
    

SwiftCompile normal arm64 Compiling\ DataService.swift,\ PuboTextPackager.swift,\ SearchService.swift,\ SharingCoordinator.swift,\ TripTrashManager.swift,\ TripManager.swift,\ TripSyncManager.swift,\ CloseButtonStyle.swift /Users/anita/Cursor/PUBO/ios/Pubo/Pubo/Services/DataService.swift /Users/anita/Cursor/PUBO/ios/Pubo/Pubo/Services/PuboTextPackager.swift /Users/anita/Cursor/PUBO/ios/Pubo/Pubo/Services/SearchService.swift /Users/anita/Cursor/PUBO/ios/Pubo/Pubo/Services/SharingCoordinator.swift /Users/anita/Cursor/PUBO/ios/Pubo/Pubo/Services/TripTrashManager.swift /Users/anita/Cursor/PUBO/ios/Pubo/Pubo/ViewModels/TripManager.swift /Users/anita/Cursor/PUBO/ios/Pubo/Pubo/ViewModels/TripSyncManager.swift /Users/anita/Cursor/PUBO/ios/Pubo/Pubo/Views/Components/CloseButtonStyle.swift (in target 'Pubo' from project 'Pubo')
SwiftCompile normal arm64 /Users/anita/Cursor/PUBO/ios/Pubo/Pubo/Services/DataService.swift (in target 'Pubo' from project 'Pubo')
    cd /Users/anita/Cursor/PUBO/ios/Pubo
    

SwiftCompile normal arm64 /Users/anita/Cursor/PUBO/ios/Pubo/Pubo/Services/PuboTextPackager.swift (in target 'Pubo' from project 'Pubo')
    cd /Users/anita/Cursor/PUBO/ios/Pubo
    

SwiftCompile normal arm64 /Users/anita/Cursor/PUBO/ios/Pubo/Pubo/Services/SearchService.swift (in target 'Pubo' from project 'Pubo')
    cd /Users/anita/Cursor/PUBO/ios/Pubo
    

SwiftCompile normal arm64 /Users/anita/Cursor/PUBO/ios/Pubo/Pubo/Services/SharingCoordinator.swift (in target 'Pubo' from project 'Pubo')
    cd /Users/anita/Cursor/PUBO/ios/Pubo
    

SwiftCompile normal arm64 /Users/anita/Cursor/PUBO/ios/Pubo/Pubo/Services/TripTrashManager.swift (in target 'Pubo' from project 'Pubo')
    cd /Users/anita/Cursor/PUBO/ios/Pubo
    

SwiftCompile normal arm64 /Users/anita/Cursor/PUBO/ios/Pubo/Pubo/ViewModels/TripManager.swift (in target 'Pubo' from project 'Pubo')
    cd /Users/anita/Cursor/PUBO/ios/Pubo
    

SwiftCompile normal arm64 /Users/anita/Cursor/PUBO/ios/Pubo/Pubo/ViewModels/TripSyncManager.swift (in target 'Pubo' from project 'Pubo')
    cd /Users/anita/Cursor/PUBO/ios/Pubo
    

SwiftCompile normal arm64 /Users/anita/Cursor/PUBO/ios/Pubo/Pubo/Views/Components/CloseButtonStyle.swift (in target 'Pubo' from project 'Pubo')
    cd /Users/anita/Cursor/PUBO/ios/Pubo
    

SwiftCompile normal arm64 Compiling\ CuratedPostDetailView.swift,\ CustomTabBar.swift,\ DesignSystem.swift,\ DraggableLibraryView.swift,\ EditSpotView.swift,\ ExploreCardView.swift,\ FeedbackView.swift /Users/anita/Cursor/PUBO/ios/Pubo/Pubo/Views/NewUI/CuratedPostDetailView.swift /Users/anita/Cursor/PUBO/ios/Pubo/Pubo/Views/NewUI/CustomTabBar.swift /Users/anita/Cursor/PUBO/ios/Pubo/Pubo/Views/NewUI/DesignSystem.swift /Users/anita/Cursor/PUBO/ios/Pubo/Pubo/Views/NewUI/DraggableLibraryView.swift /Users/anita/Cursor/PUBO/ios/Pubo/Pubo/Views/NewUI/EditSpotView.swift /Users/anita/Cursor/PUBO/ios/Pubo/Pubo/Views/NewUI/ExploreCardView.swift /Users/anita/Cursor/PUBO/ios/Pubo/Pubo/Views/NewUI/FeedbackView.swift (in target 'Pubo' from project 'Pubo')

SwiftCompile normal arm64 /Users/anita/Cursor/PUBO/ios/Pubo/Pubo/Views/NewUI/CuratedPostDetailView.swift (in target 'Pubo' from project 'Pubo')
    cd /Users/anita/Cursor/PUBO/ios/Pubo
    

SwiftCompile normal arm64 /Users/anita/Cursor/PUBO/ios/Pubo/Pubo/Views/NewUI/CustomTabBar.swift (in target 'Pubo' from project 'Pubo')
    cd /Users/anita/Cursor/PUBO/ios/Pubo
    

SwiftCompile normal arm64 /Users/anita/Cursor/PUBO/ios/Pubo/Pubo/Views/NewUI/DesignSystem.swift (in target 'Pubo' from project 'Pubo')
    cd /Users/anita/Cursor/PUBO/ios/Pubo
    

SwiftCompile normal arm64 /Users/anita/Cursor/PUBO/ios/Pubo/Pubo/Views/NewUI/DraggableLibraryView.swift (in target 'Pubo' from project 'Pubo')
    cd /Users/anita/Cursor/PUBO/ios/Pubo
    

SwiftCompile normal arm64 /Users/anita/Cursor/PUBO/ios/Pubo/Pubo/Views/NewUI/EditSpotView.swift (in target 'Pubo' from project 'Pubo')
    cd /Users/anita/Cursor/PUBO/ios/Pubo
    

SwiftCompile normal arm64 /Users/anita/Cursor/PUBO/ios/Pubo/Pubo/Views/NewUI/ExploreCardView.swift (in target 'Pubo' from project 'Pubo')
    cd /Users/anita/Cursor/PUBO/ios/Pubo
    

SwiftCompile normal arm64 /Users/anita/Cursor/PUBO/ios/Pubo/Pubo/Views/NewUI/FeedbackView.swift (in target 'Pubo' from project 'Pubo')
    cd /Users/anita/Cursor/PUBO/ios/Pubo
    

SwiftEmitModule normal arm64 Emitting\ module\ for\ Pubo (in target 'Pubo' from project 'Pubo')
Failed frontend command:
/Applications/Xcode.app/Contents/Developer/Toolchains/XcodeDefault.xctoolchain/usr/bin/swift-frontend -frontend -emit-module -experimental-skip-non-inlinable-function-bodies-without-types /Users/anita/Cursor/PUBO/ios/Pubo/Pubo/Models/Models.swift /Users/anita/Cursor/PUBO/ios/Pubo/Pubo/Models/PuboMigrationPlan.swift /Users/anita/Cursor/PUBO/ios/Pubo/Pubo/Models/PuboModels.swift /Users/anita/Cursor/PUBO/ios/Pubo/Pubo/Models/Schema.swift /Users/anita/Cursor/PUBO/ios/Pubo/Pubo/Models/ShareExtensionShared.swift /Users/anita/Cursor/PUBO/ios/Pubo/Pubo/Services/AuthManager.swift /Users/anita/Cursor/PUBO/ios/Pubo/Pubo/Services/AutoAlignmentService.swift /Users/anita/Cursor/PUBO/ios/Pubo/Pubo/Services/BackgroundTaskManager.swift /Users/anita/Cursor/PUBO/ios/Pubo/Pubo/Services/DataService.swift /Users/anita/Cursor/PUBO/ios/Pubo/Pubo/Services/FirestoreService.swift /Users/anita/Cursor/PUBO/ios/Pubo/Pubo/Services/ItineraryService.swift /Users/anita/Cursor/PUBO/ios/Pubo/Pubo/Services/LocationManager.swift /Users/anita/Cursor/PUBO/ios/Pubo/Pubo/Services/MapNavigationHelper.swift /Users/anita/Cursor/PUBO/ios/Pubo/Pubo/Services/NetworkMonitor.swift /Users/anita/Cursor/PUBO/ios/Pubo/Pubo/Services/OpeningHoursService.swift /Users/anita/Cursor/PUBO/ios/Pubo/Pubo/Services/OTMService.swift /Users/anita/Cursor/PUBO/ios/Pubo/Pubo/Services/PlaceDescriptionCache.swift /Users/anita/Cursor/PUBO/ios/Pubo/Pubo/Services/POIResolverService.swift /Users/anita/Cursor/PUBO/ios/Pubo/Pubo/Services/PuboTextPackager.swift /Users/anita/Cursor/PUBO/ios/Pubo/Pubo/Services/SearchService.swift /Users/anita/Cursor/PUBO/ios/Pubo/Pubo/Services/SharingCoordinator.swift /Users/anita/Cursor/PUBO/ios/Pubo/Pubo/Services/TripTrashManager.swift /Users/anita/Cursor/PUBO/ios/Pubo/Pubo/ViewModels/TripManager.swift /Users/anita/Cursor/PUBO/ios/Pubo/Pubo/ViewModels/TripSyncManager.swift /Users/anita/Cursor/PUBO/ios/Pubo/Pubo/Views/Components/CloseButtonStyle.swift /Users/anita/Cursor/PUBO/ios/Pubo/Pubo/Views/Components/FloatingTaskInbox.swift /Users/anita/Cursor/PUBO/ios/Pubo/Pubo/Views/Components/LinkAnalysisQueueSheet.swift /Users/anita/Cursor/PUBO/ios/Pubo/Pubo/Views/Components/SwipeToDeleteWrapper.swift /Users/anita/Cursor/PUBO/ios/Pubo/Pubo/Views/Components/TaskQueueSheet.swift /Users/anita/Cursor/PUBO/ios/Pubo/Pubo/Views/NewUI/AddSpotSheet.swift /Users/anita/Cursor/PUBO/ios/Pubo/Pubo/Views/NewUI/AddToTripSheet.swift /Users/anita/Cursor/PUBO/ios/Pubo/Pubo/Views/NewUI/AllCuratedPostsView.swift /Users/anita/Cursor/PUBO/ios/Pubo/Pubo/Views/NewUI/CollaborateSheet.swift /Users/anita/Cursor/PUBO/ios/Pubo/Pubo/Views/NewUI/CuratedPostDetailView.swift /Users/anita/Cursor/PUBO/ios/Pubo/Pubo/Views/NewUI/CustomTabBar.swift /Users/anita/Cursor/PUBO/ios/Pubo/Pubo/Views/NewUI/DesignSystem.swift /Users/anita/Cursor/PUBO/ios/Pubo/Pubo/Views/NewUI/DraggableLibraryView.swift /Users/anita/Cursor/PUBO/ios/Pubo/Pubo/Views/NewUI/EditSpotView.swift /Users/anita/Cursor/PUBO/ios/Pubo/Pubo/Views/NewUI/ExploreCardView.swift /Users/anita/Cursor/PUBO/ios/Pubo/Pubo/Views/NewUI/FeedbackView.swift /Users/anita/Cursor/PUBO/ios/Pubo/Pubo/Views/NewUI/GeneralSettingsView.swift /Users/anita/Cursor/PUBO/ios/Pubo/Pubo/Views/NewUI/ImageCropperView.swift /Users/anita/Cursor/PUBO/ios/Pubo/Pubo/Views/NewUI/ItineraryView.swift /Users/anita/Cursor/PUBO/ios/Pubo/Pubo/Views/NewUI/LibraryDetailView.swift /Users/anita/Cursor/PUBO/ios/Pubo/Pubo/Views/NewUI/LongImagePreviewView.swift /Users/anita/Cursor/PUBO/ios/Pubo/Pubo/Views/NewUI/MapView.swift /Users/anita/Cursor/PUBO/ios/Pubo/Pubo/Views/NewUI/NewHomeView.swift /Users/anita/Cursor/PUBO/ios/Pubo/Pubo/Views/NewUI/NewTripModalView.swift /Users/anita/Cursor/PUBO/ios/Pubo/Pubo/Views/NewUI/PackingListView.swift /Users/anita/Cursor/PUBO/ios/Pubo/Pubo/Views/NewUI/PlusModalView.swift /Users/anita/Cursor/PUBO/ios/Pubo/Pubo/Views/NewUI/PostManagementView.swift /Users/anita/Cursor/PUBO/ios/Pubo/Pubo/Views/NewUI/ProfileView.swift /Users/anita/Cursor/PUBO/ios/Pubo/Pubo/Views/NewUI/ReorderableForEach.swift /Users/anita/Cursor/PUBO/ios/Pubo/Pubo/Views/NewUI/ReorderableModifier.swift /Users/anita/Cursor/PUBO/ios/Pubo/Pubo/Views/NewUI/ReorderableVStack.swift /Users/anita/Cursor/PUBO/ios/Pubo/Pubo/Views/NewUI/ShareTripModal.swift /Users/anita/Cursor/PUBO/ios/Pubo/Pubo/Views/NewUI/SpinnerWheelView.swift /Users/anita/Cursor/PUBO/ios/Pubo/Pubo/Views/NewUI/SyncStatusBadge.swift /Users/anita/Cursor/PUBO/ios/Pubo/Pubo/Views/NewUI/TripCardView.swift /Users/anita/Cursor/PUBO/ios/Pubo/Pubo/Views/NewUI/TripMapPlanningView.swift /Users/anita/Cursor/PUBO/ios/Pubo/Pubo/Views/NewUI/TripSettingsView.swift /Users/anita/Cursor/PUBO/ios/Pubo/Pubo/Views/NewUI/TripTrashView.swift /Users/anita/Cursor/PUBO/ios/Pubo/Pubo/Views/ImportView.swift /Users/anita/Cursor/PUBO/ios/Pubo/Pubo/Views/LibraryView.swift /Users/anita/Cursor/PUBO/ios/Pubo/Pubo/ContentView.swift /Users/anita/Cursor/PUBO/ios/Pubo/Pubo/PuboApp.swift /Users/anita/Cursor/PUBO/ios/Pubo/Pubo/Secrets.swift /Users/anita/Library/Developer/Xcode/DerivedData/Pubo-ffdsuafbzbosfghixevxzoavgcwm/Build/Intermediates.noindex/Pubo.build/Debug-iphonesimulator/Pubo.build/DerivedSources/GeneratedAssetSymbols.swift -target arm64-apple-ios17.0-simulator -module-can-import-version DeveloperToolsSupport 23.0.4 23.0.4 -module-can-import-version SwiftUI 7.2.5.1 7.2.5 -module-can-import-version UIKit 9126.2.4.1 9126.2.4 -disable-cross-import-overlay-search -swift-module-cross-import MapKit /Applications/Xcode.app/Contents/Developer/Platforms/iPhoneSimulator.platform/Developer/SDKs/iPhoneSimulator.sdk/System/Library/Frameworks/MapKit.framework/Modules/MapKit.swiftcrossimport/SwiftUI.swiftoverlay -swift-module-cross-import PhotosUI /Applications/Xcode.app/Contents/Developer/Platforms/iPhoneSimulator.platform/Developer/SDKs/iPhoneSimulator.sdk/System/Library/Frameworks/PhotosUI.framework/Modules/PhotosUI.swiftcrossimport/SwiftUI.swiftoverlay -swift-module-cross-import PhotosUI /Applications/Xcode.app/Contents/Developer/Platforms/iPhoneSimulator.platform/Developer/SDKs/iPhoneSimulator.sdk/System/Library/Frameworks/PhotosUI.framework/Modules/PhotosUI.swiftcrossimport/WidgetKit.swiftoverlay -swift-module-cross-import PhotosUI /Applications/Xcode.app/Contents/Developer/Platforms/iPhoneSimulator.platform/Developer/SDKs/iPhoneSimulator26.2.sdk/System/Library/Frameworks/PhotosUI.framework/Modules/PhotosUI.swiftcrossimport/SwiftUI.swiftoverlay -swift-module-cross-import PhotosUI /Applications/Xcode.app/Contents/Developer/Platforms/iPhoneSimulator.platform/Developer/SDKs/iPhoneSimulator26.2.sdk/System/Library/Frameworks/PhotosUI.framework/Modules/PhotosUI.swiftcrossimport/WidgetKit.swiftoverlay -swift-module-cross-import SwiftData /Applications/Xcode.app/Contents/Developer/Platforms/iPhoneSimulator.platform/Developer/SDKs/iPhoneSimulator26.2.sdk/System/Library/Frameworks/SwiftData.framework/Modules/SwiftData.swiftcrossimport/CoreData.swiftoverlay -swift-module-cross-import SwiftData /Applications/Xcode.app/Contents/Developer/Platforms/iPhoneSimulator.platform/Developer/SDKs/iPhoneSimulator26.2.sdk/System/Library/Frameworks/SwiftData.framework/Modules/SwiftData.swiftcrossimport/SwiftUI.swiftoverlay -load-resolved-plugin /Applications/Xcode.app/Contents/Developer/Platforms/iPhoneOS.platform/Developer/usr/lib/swift/host/plugins/libFoundationMacros.dylib\#/Applications/Xcode.app/Contents/Developer/Platforms/iPhoneOS.platform/Developer/usr/bin/swift-plugin-server\#FoundationMacros -load-resolved-plugin /Applications/Xcode.app/Contents/Developer/Platforms/iPhoneOS.platform/Developer/usr/lib/swift/host/plugins/libObservationMacros.dylib\#/Applications/Xcode.app/Contents/Developer/Platforms/iPhoneOS.platform/Developer/usr/bin/swift-plugin-server\#ObservationMacros -load-resolved-plugin /Applications/Xcode.app/Contents/Developer/Platforms/iPhoneOS.platform/Developer/usr/lib/swift/host/plugins/libPreviewsMacros.dylib\#/Applications/Xcode.app/Contents/Developer/Platforms/iPhoneOS.platform/Developer/usr/bin/swift-plugin-server\#PreviewsMacros -load-resolved-plugin /Applications/Xcode.app/Contents/Developer/Platforms/iPhoneOS.platform/Developer/usr/lib/swift/host/plugins/libSwiftDataMacros.dylib\#/Applications/Xcode.app/Contents/Developer/Platforms/iPhoneOS.platform/Developer/usr/bin/swift-plugin-server\#SwiftDataMacros -load-resolved-plugin /Applications/Xcode.app/Contents/Developer/Platforms/iPhoneOS.platform/Developer/usr/lib/swift/host/plugins/libSwiftMacros.dylib\#/Applications/Xcode.app/Contents/Developer/Platforms/iPhoneOS.platform/Developer/usr/bin/swift-plugin-server\#SwiftMacros -load-resolved-plugin /Applications/Xcode.app/Contents/Developer/Platforms/iPhoneOS.platform/Developer/usr/lib/swift/host/plugins/libSwiftUIMacros.dylib\#/Applications/Xcode.app/Contents/Developer/Platforms/iPhoneOS.platform/Developer/usr/bin/swift-plugin-server\#SwiftUIMacros -disable-implicit-swift-modules -Xcc -fno-implicit-modules -Xcc -fno-implicit-module-maps -explicit-swift-module-map-file /Users/anita/Library/Developer/Xcode/DerivedData/Pubo-ffdsuafbzbosfghixevxzoavgcwm/Build/Intermediates.noindex/Pubo.build/Debug-iphonesimulator/Pubo.build/Objects-normal/arm64/Pubo-dependencies-1.json -Xllvm -aarch64-use-tbi -enable-objc-interop -sdk /Applications/Xcode.app/Contents/Developer/Platforms/iPhoneSimulator.platform/Developer/SDKs/iPhoneSimulator26.2.sdk -I /Users/anita/Library/Developer/Xcode/DerivedData/Pubo-ffdsuafbzbosfghixevxzoavgcwm/Build/Products/Debug-iphonesimulator -F /Users/anita/Library/Developer/Xcode/DerivedData/Pubo-ffdsuafbzbosfghixevxzoavgcwm/Build/Products/Debug-iphonesimulator/PackageFrameworks -F /Users/anita/Library/Developer/Xcode/DerivedData/Pubo-ffdsuafbzbosfghixevxzoavgcwm/Build/Products/Debug-iphonesimulator/PackageFrameworks -F /Users/anita/Library/Developer/Xcode/DerivedData/Pubo-ffdsuafbzbosfghixevxzoavgcwm/Build/Products/Debug-iphonesimulator/PackageFrameworks -F /Users/anita/Library/Developer/Xcode/DerivedData/Pubo-ffdsuafbzbosfghixevxzoavgcwm/Build/Products/Debug-iphonesimulator/PackageFrameworks -F /Users/anita/Library/Developer/Xcode/DerivedData/Pubo-ffdsuafbzbosfghixevxzoavgcwm/Build/Products/Debug-iphonesimulator/PackageFrameworks -F /Users/anita/Library/Developer/Xcode/DerivedData/Pubo-ffdsuafbzbosfghixevxzoavgcwm/Build/Products/Debug-iphonesimulator/PackageFrameworks -F /Users/anita/Library/Developer/Xcode/DerivedData/Pubo-ffdsuafbzbosfghixevxzoavgcwm/Build/Products/Debug-iphonesimulator/PackageFrameworks -F /Users/anita/Library/Developer/Xcode/DerivedData/Pubo-ffdsuafbzbosfghixevxzoavgcwm/Build/Products/Debug-iphonesimulator/PackageFrameworks -F /Users/anita/Library/Developer/Xcode/DerivedData/Pubo-ffdsuafbzbosfghixevxzoavgcwm/Build/Products/Debug-iphonesimulator/PackageFrameworks -F /Users/anita/Library/Developer/Xcode/DerivedData/Pubo-ffdsuafbzbosfghixevxzoavgcwm/Build/Products/Debug-iphonesimulator/PackageFrameworks -F /Users/anita/Library/Developer/Xcode/DerivedData/Pubo-ffdsuafbzbosfghixevxzoavgcwm/Build/Products/Debug-iphonesimulator/PackageFrameworks -F /Users/anita/Library/Developer/Xcode/DerivedData/Pubo-ffdsuafbzbosfghixevxzoavgcwm/Build/Products/Debug-iphonesimulator/PackageFrameworks -F /Users/anita/Library/Developer/Xcode/DerivedData/Pubo-ffdsuafbzbosfghixevxzoavgcwm/Build/Products/Debug-iphonesimulator/PackageFrameworks -F /Users/anita/Library/Developer/Xcode/DerivedData/Pubo-ffdsuafbzbosfghixevxzoavgcwm/Build/Products/Debug-iphonesimulator/PackageFrameworks -F /Users/anita/Library/Developer/Xcode/DerivedData/Pubo-ffdsuafbzbosfghixevxzoavgcwm/Build/Products/Debug-iphonesimulator/PackageFrameworks -F /Users/anita/Library/Developer/Xcode/DerivedData/Pubo-ffdsuafbzbosfghixevxzoavgcwm/Build/Products/Debug-iphonesimulator/PackageFrameworks -F /Users/anita/Library/Developer/Xcode/DerivedData/Pubo-ffdsuafbzbosfghixevxzoavgcwm/Build/Products/Debug-iphonesimulator/PackageFrameworks -F /Users/anita/Library/Developer/Xcode/DerivedData/Pubo-ffdsuafbzbosfghixevxzoavgcwm/Build/Products/Debug-iphonesimulator/PackageFrameworks -F /Users/anita/Library/Developer/Xcode/DerivedData/Pubo-ffdsuafbzbosfghixevxzoavgcwm/Build/Products/Debug-iphonesimulator/PackageFrameworks -F /Users/anita/Library/Developer/Xcode/DerivedData/Pubo-ffdsuafbzbosfghixevxzoavgcwm/Build/Products/Debug-iphonesimulator/PackageFrameworks -F /Users/anita/Library/Developer/Xcode/DerivedData/Pubo-ffdsuafbzbosfghixevxzoavgcwm/Build/Products/Debug-iphonesimulator/PackageFrameworks -F /Users/anita/Library/Developer/Xcode/DerivedData/Pubo-ffdsuafbzbosfghixevxzoavgcwm/Build/Products/Debug-iphonesimulator/PackageFrameworks -F /Users/anita/Library/Developer/Xcode/DerivedData/Pubo-ffdsuafbzbosfghixevxzoavgcwm/Build/Products/Debug-iphonesimulator/PackageFrameworks -F /Users/anita/Library/Developer/Xcode/DerivedData/Pubo-ffdsuafbzbosfghixevxzoavgcwm/Build/Products/Debug-iphonesimulator/PackageFrameworks -F /Users/anita/Library/Developer/Xcode/DerivedData/Pubo-ffdsuafbzbosfghixevxzoavgcwm/Build/Products/Debug-iphonesimulator/PackageFrameworks -F /Users/anita/Library/Developer/Xcode/DerivedData/Pubo-ffdsuafbzbosfghixevxzoavgcwm/Build/Products/Debug-iphonesimulator/PackageFrameworks -F /Users/anita/Library/Developer/Xcode/DerivedData/Pubo-ffdsuafbzbosfghixevxzoavgcwm/Build/Products/Debug-iphonesimulator/PackageFrameworks -F /Users/anita/Library/Developer/Xcode/DerivedData/Pubo-ffdsuafbzbosfghixevxzoavgcwm/Build/Products/Debug-iphonesimulator/PackageFrameworks -F /Users/anita/Library/Developer/Xcode/DerivedData/Pubo-ffdsuafbzbosfghixevxzoavgcwm/Build/Products/Debug-iphonesimulator/PackageFrameworks -F /Users/anita/Library/Developer/Xcode/DerivedData/Pubo-ffdsuafbzbosfghixevxzoavgcwm/Build/Products/Debug-iphonesimulator/PackageFrameworks -F /Users/anita/Library/Developer/Xcode/DerivedData/Pubo-ffdsuafbzbosfghixevxzoavgcwm/Build/Products/Debug-iphonesimulator/PackageFrameworks -F /Users/anita/Library/Developer/Xcode/DerivedData/Pubo-ffdsuafbzbosfghixevxzoavgcwm/Build/Products/Debug-iphonesimulator/PackageFrameworks -F /Users/anita/Library/Developer/Xcode/DerivedData/Pubo-ffdsuafbzbosfghixevxzoavgcwm/Build/Products/Debug-iphonesimulator/PackageFrameworks -F /Users/anita/Library/Developer/Xcode/DerivedData/Pubo-ffdsuafbzbosfghixevxzoavgcwm/Build/Products/Debug-iphonesimulator/PackageFrameworks -F /Users/anita/Library/Developer/Xcode/DerivedData/Pubo-ffdsuafbzbosfghixevxzoavgcwm/Build/Products/Debug-iphonesimulator/PackageFrameworks -F /Users/anita/Library/Developer/Xcode/DerivedData/Pubo-ffdsuafbzbosfghixevxzoavgcwm/Build/Products/Debug-iphonesimulator/PackageFrameworks -F /Users/anita/Library/Developer/Xcode/DerivedData/Pubo-ffdsuafbzbosfghixevxzoavgcwm/Build/Products/Debug-iphonesimulator/PackageFrameworks -F /Users/anita/Library/Developer/Xcode/DerivedData/Pubo-ffdsuafbzbosfghixevxzoavgcwm/Build/Products/Debug-iphonesimulator/PackageFrameworks -F /Users/anita/Library/Developer/Xcode/DerivedData/Pubo-ffdsuafbzbosfghixevxzoavgcwm/Build/Products/Debug-iphonesimulator/PackageFrameworks -F /Users/anita/Library/Developer/Xcode/DerivedData/Pubo-ffdsuafbzbosfghixevxzoavgcwm/Build/Products/Debug-iphonesimulator/PackageFrameworks -F /Users/anita/Library/Developer/Xcode/DerivedData/Pubo-ffdsuafbzbosfghixevxzoavgcwm/Build/Products/Debug-iphonesimulator/PackageFrameworks -F /Users/anita/Library/Developer/Xcode/DerivedData/Pubo-ffdsuafbzbosfghixevxzoavgcwm/Build/Products/Debug-iphonesimulator/PackageFrameworks -F /Users/anita/Library/Developer/Xcode/DerivedData/Pubo-ffdsuafbzbosfghixevxzoavgcwm/Build/Products/Debug-iphonesimulator/PackageFrameworks -F /Users/anita/Library/Developer/Xcode/DerivedData/Pubo-ffdsuafbzbosfghixevxzoavgcwm/Build/Products/Debug-iphonesimulator/PackageFrameworks -F /Users/anita/Library/Developer/Xcode/DerivedData/Pubo-ffdsuafbzbosfghixevxzoavgcwm/Build/Products/Debug-iphonesimulator/PackageFrameworks -F /Users/anita/Library/Developer/Xcode/DerivedData/Pubo-ffdsuafbzbosfghixevxzoavgcwm/Build/Products/Debug-iphonesimulator/PackageFrameworks -F /Users/anita/Library/Developer/Xcode/DerivedData/Pubo-ffdsuafbzbosfghixevxzoavgcwm/Build/Products/Debug-iphonesimulator -no-color-diagnostics -Xcc -fno-color-diagnostics -enable-testing -g -debug-info-format\=dwarf -dwarf-version\=4 -module-cache-path /Users/anita/Library/Developer/Xcode/DerivedData/Pubo-ffdsuafbzbosfghixevxzoavgcwm/Build/Intermediates.noindex/SwiftExplicitPrecompiledModules -swift-version 5 -enforce-exclusivity\=checked -Onone -D DEBUG -serialize-debugging-options -const-gather-protocols-file /Users/anita/Library/Developer/Xcode/DerivedData/Pubo-ffdsuafbzbosfghixevxzoavgcwm/Build/Intermediates.noindex/Pubo.build/Debug-iphonesimulator/Pubo.build/Objects-normal/arm64/Pubo_const_extract_protocols.json -enable-upcoming-feature DisableOutwardActorInference -enable-upcoming-feature InferSendableFromCaptures -enable-upcoming-feature GlobalActorIsolatedTypesUsability -enable-upcoming-feature MemberImportVisibility -enable-upcoming-feature InferIsolatedConformances -enable-upcoming-feature NonisolatedNonsendingByDefault -enable-experimental-feature DebugDescriptionMacro -enable-bare-slash-regex -default-isolation\=MainActor -empty-abi-descriptor -validate-clang-modules-once -clang-build-session-file /Users/anita/Library/Developer/Xcode/DerivedData/ModuleCache.noindex/Session.modulevalidation -Xcc -working-directory -Xcc /Users/anita/Cursor/PUBO/ios/Pubo -enable-anonymous-context-mangled-names -file-compilation-dir /Users/anita/Cursor/PUBO/ios/Pubo -Xcc -fmodule-map-file\=/Users/anita/Library/Developer/Xcode/DerivedData/Pubo-ffdsuafbzbosfghixevxzoavgcwm/Build/Intermediates.noindex/GeneratedModuleMaps-iphonesimulator/FirebaseMessagingInterop.modulemap -Xcc -fmodule-map-file\=/Users/anita/Library/Developer/Xcode/DerivedData/Pubo-ffdsuafbzbosfghixevxzoavgcwm/Build/Intermediates.noindex/GeneratedModuleMaps-iphonesimulator/RecaptchaInterop.modulemap -Xcc -fmodule-map-file\=/Users/anita/Library/Developer/Xcode/DerivedData/Pubo-ffdsuafbzbosfghixevxzoavgcwm/Build/Intermediates.noindex/GeneratedModuleMaps-iphonesimulator/GTMSessionFetcherCore.modulemap -Xcc -fmodule-map-file\=/Users/anita/Library/Developer/Xcode/DerivedData/Pubo-ffdsuafbzbosfghixevxzoavgcwm/Build/Intermediates.noindex/GeneratedModuleMaps-iphonesimulator/FirebaseAuthInternal.modulemap -Xcc -fmodule-map-file\=/Users/anita/Library/Developer/Xcode/DerivedData/Pubo-ffdsuafbzbosfghixevxzoavgcwm/Build/Intermediates.noindex/GeneratedModuleMaps-iphonesimulator/FirebaseAuthInterop.modulemap -Xcc -fmodule-map-file\=/Users/anita/Library/Developer/Xcode/DerivedData/Pubo-ffdsuafbzbosfghixevxzoavgcwm/Build/Intermediates.noindex/GeneratedModuleMaps-iphonesimulator/GoogleAdsOnDeviceConversionTarget.modulemap -Xcc -fmodule-map-file\=/Users/anita/Library/Developer/Xcode/DerivedData/Pubo-ffdsuafbzbosfghixevxzoavgcwm/Build/Intermediates.noindex/GeneratedModuleMaps-iphonesimulator/GoogleAppMeasurementTarget.modulemap -Xcc -fmodule-map-file\=/Users/anita/Library/Developer/Xcode/DerivedData/Pubo-ffdsuafbzbosfghixevxzoavgcwm/Build/Intermediates.noindex/GeneratedModuleMaps-iphonesimulator/GoogleUtilities-AppDelegateSwizzler.modulemap -Xcc -fmodule-map-file\=/Users/anita/Library/Developer/Xcode/DerivedData/Pubo-ffdsuafbzbosfghixevxzoavgcwm/Build/Intermediates.noindex/GeneratedModuleMaps-iphonesimulator/GoogleUtilities-Reachability.modulemap -Xcc -fmodule-map-file\=/Users/anita/Library/Developer/Xcode/DerivedData/Pubo-ffdsuafbzbosfghixevxzoavgcwm/Build/Intermediates.noindex/GeneratedModuleMaps-iphonesimulator/GoogleUtilities-Network.modulemap -Xcc -fmodule-map-file\=/Users/anita/Library/Developer/Xcode/DerivedData/Pubo-ffdsuafbzbosfghixevxzoavgcwm/Build/Intermediates.noindex/GeneratedModuleMaps-iphonesimulator/FirebaseAnalyticsWrapper.modulemap -Xcc -fmodule-map-file\=/Users/anita/Library/Developer/Xcode/DerivedData/Pubo-ffdsuafbzbosfghixevxzoavgcwm/Build/Intermediates.noindex/GeneratedModuleMaps-iphonesimulator/FirebaseAnalyticsTarget.modulemap -Xcc -fmodule-map-file\=/Users/anita/Library/Developer/Xcode/DerivedData/Pubo-ffdsuafbzbosfghixevxzoavgcwm/Build/Intermediates.noindex/GeneratedModuleMaps-iphonesimulator/GoogleUtilities-UserDefaults.modulemap -Xcc -fmodule-map-file\=/Users/anita/Library/Developer/Xcode/DerivedData/Pubo-ffdsuafbzbosfghixevxzoavgcwm/Build/Intermediates.noindex/GeneratedModuleMaps-iphonesimulator/GoogleDataTransport.modulemap -Xcc -fmodule-map-file\=/Users/anita/Library/Developer/Xcode/DerivedData/Pubo-ffdsuafbzbosfghixevxzoavgcwm/Build/Intermediates.noindex/GeneratedModuleMaps-iphonesimulator/GoogleUtilities-MethodSwizzler.modulemap -Xcc -fmodule-map-file\=/Users/anita/Library/Developer/Xcode/DerivedData/Pubo-ffdsuafbzbosfghixevxzoavgcwm/Build/Intermediates.noindex/GeneratedModuleMaps-iphonesimulator/FirebasePerformance.modulemap -Xcc -fmodule-map-file\=/Users/anita/Library/Developer/Xcode/DerivedData/Pubo-ffdsuafbzbosfghixevxzoavgcwm/Build/Intermediates.noindex/GeneratedModuleMaps-iphonesimulator/FirebaseSessionsObjC.modulemap -Xcc -fmodule-map-file\=/Users/anita/Library/Developer/Xcode/DerivedData/Pubo-ffdsuafbzbosfghixevxzoavgcwm/Build/Intermediates.noindex/GeneratedModuleMaps-iphonesimulator/FirebaseRemoteConfigInternal.modulemap -Xcc -fmodule-map-file\=/Users/anita/Library/Developer/Xcode/DerivedData/Pubo-ffdsuafbzbosfghixevxzoavgcwm/Build/Intermediates.noindex/GeneratedModuleMaps-iphonesimulator/FirebaseABTesting.modulemap -Xcc -fmodule-map-file\=/Users/anita/Library/Developer/Xcode/DerivedData/Pubo-ffdsuafbzbosfghixevxzoavgcwm/Build/Intermediates.noindex/GeneratedModuleMaps-iphonesimulator/FirebaseInstallations.modulemap -Xcc -fmodule-map-file\=/Users/anita/Library/Developer/Xcode/DerivedData/Pubo-ffdsuafbzbosfghixevxzoavgcwm/Build/Intermediates.noindex/GeneratedModuleMaps-iphonesimulator/FirebasePerformanceTarget.modulemap -Xcc -fmodule-map-file\=/Users/anita/Library/Developer/Xcode/DerivedData/Pubo-ffdsuafbzbosfghixevxzoavgcwm/Build/Intermediates.noindex/GeneratedModuleMaps-iphonesimulator/GoogleUtilities-NSData.modulemap -Xcc -fmodule-map-file\=/Users/anita/Library/Developer/Xcode/DerivedData/Pubo-ffdsuafbzbosfghixevxzoavgcwm/Build/Intermediates.noindex/GeneratedModuleMaps-iphonesimulator/GoogleUtilities-Environment.modulemap -Xcc -fmodule-map-file\=/Users/anita/Library/Developer/Xcode/DerivedData/Pubo-ffdsuafbzbosfghixevxzoavgcwm/Build/Intermediates.noindex/GeneratedModuleMaps-iphonesimulator/third-party-IsAppEncrypted.modulemap -Xcc -fmodule-map-file\=/Users/anita/Library/Developer/Xcode/DerivedData/Pubo-ffdsuafbzbosfghixevxzoavgcwm/Build/Intermediates.noindex/GeneratedModuleMaps-iphonesimulator/GoogleUtilities-Logger.modulemap -Xcc -fmodule-map-file\=/Users/anita/Library/Developer/Xcode/DerivedData/Pubo-ffdsuafbzbosfghixevxzoavgcwm/Build/Intermediates.noindex/GeneratedModuleMaps-iphonesimulator/abslWrapper.modulemap -Xcc -fmodule-map-file\=/Users/anita/Library/Developer/Xcode/DerivedData/Pubo-ffdsuafbzbosfghixevxzoavgcwm/Build/Intermediates.noindex/GeneratedModuleMaps-iphonesimulator/opensslWrapper.modulemap -Xcc -fmodule-map-file\=/Users/anita/Library/Developer/Xcode/DerivedData/Pubo-ffdsuafbzbosfghixevxzoavgcwm/Build/Intermediates.noindex/GeneratedModuleMaps-iphonesimulator/grpcWrapper.modulemap -Xcc -fmodule-map-file\=/Users/anita/Library/Developer/Xcode/DerivedData/Pubo-ffdsuafbzbosfghixevxzoavgcwm/Build/Intermediates.noindex/GeneratedModuleMaps-iphonesimulator/grpcppWrapper.modulemap -Xcc -fmodule-map-file\=/Users/anita/Library/Developer/Xcode/DerivedData/Pubo-ffdsuafbzbosfghixevxzoavgcwm/Build/Intermediates.noindex/GeneratedModuleMaps-iphonesimulator/nanopb.modulemap -Xcc -fmodule-map-file\=/Users/anita/Library/Developer/Xcode/DerivedData/Pubo-ffdsuafbzbosfghixevxzoavgcwm/Build/Intermediates.noindex/GeneratedModuleMaps-iphonesimulator/leveldb.modulemap -Xcc -fmodule-map-file\=/Users/anita/Library/Developer/Xcode/DerivedData/Pubo-ffdsuafbzbosfghixevxzoavgcwm/Build/Intermediates.noindex/GeneratedModuleMaps-iphonesimulator/FirebaseCoreExtension.modulemap -Xcc -fmodule-map-file\=/Users/anita/Library/Developer/Xcode/DerivedData/Pubo-ffdsuafbzbosfghixevxzoavgcwm/Build/Intermediates.noindex/GeneratedModuleMaps-iphonesimulator/FirebaseCore.modulemap -Xcc -fmodule-map-file\=/Users/anita/Library/Developer/Xcode/DerivedData/Pubo-ffdsuafbzbosfghixevxzoavgcwm/Build/Intermediates.noindex/GeneratedModuleMaps-iphonesimulator/FirebaseAppCheckInterop.modulemap -Xcc -fmodule-map-file\=/Users/anita/Library/Developer/Xcode/DerivedData/Pubo-ffdsuafbzbosfghixevxzoavgcwm/Build/Intermediates.noindex/GeneratedModuleMaps-iphonesimulator/FirebaseFirestoreInternalWrapper.modulemap -Xcc -fmodule-map-file\=/Users/anita/Library/Developer/Xcode/DerivedData/Pubo-ffdsuafbzbosfghixevxzoavgcwm/Build/Intermediates.noindex/GeneratedModuleMaps-iphonesimulator/FirebaseFirestoreTarget.modulemap -Xcc -D_LIBCPP_HARDENING_MODE\=_LIBCPP_HARDENING_MODE_DEBUG -Xcc -ivfsstatcache -Xcc /Users/anita/Library/Developer/Xcode/DerivedData/SDKStatCaches.noindex/iphonesimulator26.2-23C53-7d00a8b37fbd7999ea79df8ebc024bf0.sdkstatcache -Xcc -I/Users/anita/Library/Developer/Xcode/DerivedData/Pubo-ffdsuafbzbosfghixevxzoavgcwm/Build/Intermediates.noindex/Pubo.build/Debug-iphonesimulator/Pubo.build/swift-overrides.hmap -Xcc -iquote -Xcc /Users/anita/Library/Developer/Xcode/DerivedData/Pubo-ffdsuafbzbosfghixevxzoavgcwm/Build/Intermediates.noindex/Pubo.build/Debug-iphonesimulator/Pubo.build/Pubo-generated-files.hmap -Xcc -I/Users/anita/Library/Developer/Xcode/DerivedData/Pubo-ffdsuafbzbosfghixevxzoavgcwm/Build/Intermediates.noindex/Pubo.build/Debug-iphonesimulator/Pubo.build/Pubo-own-target-headers.hmap -Xcc -I/Users/anita/Library/Developer/Xcode/DerivedData/Pubo-ffdsuafbzbosfghixevxzoavgcwm/Build/Intermediates.noindex/Pubo.build/Debug-iphonesimulator/Pubo.build/Pubo-all-non-framework-target-headers.hmap -Xcc -ivfsoverlay -Xcc /Users/anita/Library/Developer/Xcode/DerivedData/Pubo-ffdsuafbzbosfghixevxzoavgcwm/Build/Intermediates.noindex/Pubo.build/Debug-iphonesimulator/Pubo-5590fd6f6c79c9241881acde94f6a577-VFS-iphonesimulator/all-product-headers.yaml -Xcc -iquote -Xcc /Users/anita/Library/Developer/Xcode/DerivedData/Pubo-ffdsuafbzbosfghixevxzoavgcwm/Build/Intermediates.noindex/Pubo.build/Debug-iphonesimulator/Pubo.build/Pubo-project-headers.hmap -Xcc -I/Users/anita/Library/Developer/Xcode/DerivedData/Pubo-ffdsuafbzbosfghixevxzoavgcwm/SourcePackages/checkouts/firebase-ios-sdk/FirebaseMessaging/Interop -Xcc -I/Users/anita/Library/Developer/Xcode/DerivedData/Pubo-ffdsuafbzbosfghixevxzoavgcwm/SourcePackages/checkouts/interop-ios-for-google-sdks/RecaptchaEnterprise/RecaptchaInterop/Public -Xcc -I/Users/anita/Library/Developer/Xcode/DerivedData/Pubo-ffdsuafbzbosfghixevxzoavgcwm/SourcePackages/checkouts/gtm-session-fetcher/Sources/Core/Public -Xcc -I/Users/anita/Library/Developer/Xcode/DerivedData/Pubo-ffdsuafbzbosfghixevxzoavgcwm/SourcePackages/checkouts/firebase-ios-sdk/FirebaseAuth/Sources/Public -Xcc -I/Users/anita/Library/Developer/Xcode/DerivedData/Pubo-ffdsuafbzbosfghixevxzoavgcwm/SourcePackages/checkouts/firebase-ios-sdk/FirebaseAuth/Interop/Public -Xcc -I/Users/anita/Library/Developer/Xcode/DerivedData/Pubo-ffdsuafbzbosfghixevxzoavgcwm/SourcePackages/checkouts/google-ads-on-device-conversion-ios-sdk/GoogleAdsOnDeviceConversionWrapper/include -Xcc -I/Users/anita/Library/Developer/Xcode/DerivedData/Pubo-ffdsuafbzbosfghixevxzoavgcwm/SourcePackages/checkouts/GoogleAppMeasurement/GoogleAppMeasurementWrapper/include -Xcc -I/Users/anita/Library/Developer/Xcode/DerivedData/Pubo-ffdsuafbzbosfghixevxzoavgcwm/SourcePackages/checkouts/GoogleUtilities/GoogleUtilities/AppDelegateSwizzler/Public -Xcc -I/Users/anita/Library/Developer/Xcode/DerivedData/Pubo-ffdsuafbzbosfghixevxzoavgcwm/SourcePackages/checkouts/GoogleUtilities/GoogleUtilities/Reachability/Public -Xcc -I/Users/anita/Library/Developer/Xcode/DerivedData/Pubo-ffdsuafbzbosfghixevxzoavgcwm/SourcePackages/checkouts/GoogleUtilities/GoogleUtilities/Network/Public -Xcc -I/Users/anita/Library/Developer/Xcode/DerivedData/Pubo-ffdsuafbzbosfghixevxzoavgcwm/SourcePackages/checkouts/firebase-ios-sdk/FirebaseAnalyticsWrapper/include -Xcc -I/Users/anita/Library/Developer/Xcode/DerivedData/Pubo-ffdsuafbzbosfghixevxzoavgcwm/SourcePackages/checkouts/firebase-ios-sdk/SwiftPM-PlatformExclude/FirebaseAnalyticsWrap/include -Xcc -I/Users/anita/Library/Developer/Xcode/DerivedData/Pubo-ffdsuafbzbosfghixevxzoavgcwm/SourcePackages/checkouts/GoogleUtilities/GoogleUtilities/UserDefaults/Public -Xcc -I/Users/anita/Library/Developer/Xcode/DerivedData/Pubo-ffdsuafbzbosfghixevxzoavgcwm/SourcePackages/checkouts/promises/Sources/FBLPromises/include -Xcc -I/Users/anita/Library/Developer/Xcode/DerivedData/Pubo-ffdsuafbzbosfghixevxzoavgcwm/SourcePackages/checkouts/GoogleDataTransport/GoogleDataTransport/GDTCORLibrary/Public -Xcc -I/Users/anita/Library/Developer/Xcode/DerivedData/Pubo-ffdsuafbzbosfghixevxzoavgcwm/SourcePackages/checkouts/GoogleUtilities/GoogleUtilities/MethodSwizzler/Public -Xcc -I/Users/anita/Library/Developer/Xcode/DerivedData/Pubo-ffdsuafbzbosfghixevxzoavgcwm/SourcePackages/checkouts/firebase-ios-sdk/FirebasePerformance/Sources/Public -Xcc -I/Users/anita/Library/Developer/Xcode/DerivedData/Pubo-ffdsuafbzbosfghixevxzoavgcwm/SourcePackages/checkouts/firebase-ios-sdk/FirebaseSessions/SourcesObjC -Xcc -I/Users/anita/Library/Developer/Xcode/DerivedData/Pubo-ffdsuafbzbosfghixevxzoavgcwm/SourcePackages/checkouts/firebase-ios-sdk/FirebaseRemoteConfig/Sources/Public -Xcc -I/Users/anita/Library/Developer/Xcode/DerivedData/Pubo-ffdsuafbzbosfghixevxzoavgcwm/SourcePackages/checkouts/firebase-ios-sdk/FirebaseABTesting/Sources/Public -Xcc -I/Users/anita/Library/Developer/Xcode/DerivedData/Pubo-ffdsuafbzbosfghixevxzoavgcwm/SourcePackages/checkouts/firebase-ios-sdk/FirebaseInstallations/Source/Library/Public -Xcc -I/Users/anita/Library/Developer/Xcode/DerivedData/Pubo-ffdsuafbzbosfghixevxzoavgcwm/SourcePackages/checkouts/firebase-ios-sdk/SwiftPM-PlatformExclude/FirebasePerformanceWrap/include -Xcc -I/Users/anita/Library/Developer/Xcode/DerivedData/Pubo-ffdsuafbzbosfghixevxzoavgcwm/SourcePackages/checkouts/GoogleUtilities/GoogleUtilities/NSData+zlib/Public -Xcc -I/Users/anita/Library/Developer/Xcode/DerivedData/Pubo-ffdsuafbzbosfghixevxzoavgcwm/SourcePackages/checkouts/GoogleUtilities/GoogleUtilities/Environment/Public -Xcc -I/Users/anita/Library/Developer/Xcode/DerivedData/Pubo-ffdsuafbzbosfghixevxzoavgcwm/SourcePackages/checkouts/GoogleUtilities/third_party/IsAppEncrypted/Public -Xcc -I/Users/anita/Library/Developer/Xcode/DerivedData/Pubo-ffdsuafbzbosfghixevxzoavgcwm/SourcePackages/checkouts/GoogleUtilities/GoogleUtilities/Logger/Public -Xcc -I/Users/anita/Library/Developer/Xcode/DerivedData/Pubo-ffdsuafbzbosfghixevxzoavgcwm/SourcePackages/checkouts/abseil-cpp-binary/absl-Wrapper/include -Xcc -I/Users/anita/Library/Developer/Xcode/DerivedData/Pubo-ffdsuafbzbosfghixevxzoavgcwm/SourcePackages/checkouts/grpc-binary/openssl-grpc-Wrapper/include -Xcc -I/Users/anita/Library/Developer/Xcode/DerivedData/Pubo-ffdsuafbzbosfghixevxzoavgcwm/SourcePackages/checkouts/grpc-binary/grpc-Wrapper/include -Xcc -I/Users/anita/Library/Developer/Xcode/DerivedData/Pubo-ffdsuafbzbosfghixevxzoavgcwm/SourcePackages/checkouts/grpc-binary/grpcpp-Wrapper/include -Xcc -I/Users/anita/Library/Developer/Xcode/DerivedData/Pubo-ffdsuafbzbosfghixevxzoavgcwm/SourcePackages/checkouts/nanopb/spm_headers -Xcc -I/Users/anita/Library/Developer/Xcode/DerivedData/Pubo-ffdsuafbzbosfghixevxzoavgcwm/SourcePackages/checkouts/leveldb/include -Xcc -I/Users/anita/Library/Developer/Xcode/DerivedData/Pubo-ffdsuafbzbosfghixevxzoavgcwm/SourcePackages/checkouts/firebase-ios-sdk/FirebaseCore/Extension -Xcc -I/Users/anita/Library/Developer/Xcode/DerivedData/Pubo-ffdsuafbzbosfghixevxzoavgcwm/SourcePackages/checkouts/firebase-ios-sdk/FirebaseCore/Sources/Public -Xcc -I/Users/anita/Library/Developer/Xcode/DerivedData/Pubo-ffdsuafbzbosfghixevxzoavgcwm/SourcePackages/checkouts/firebase-ios-sdk/CoreOnly/Sources -Xcc -I/Users/anita/Library/Developer/Xcode/DerivedData/Pubo-ffdsuafbzbosfghixevxzoavgcwm/SourcePackages/checkouts/firebase-ios-sdk/FirebaseAppCheck/Interop/Public -Xcc -I/Users/anita/Library/Developer/Xcode/DerivedData/Pubo-ffdsuafbzbosfghixevxzoavgcwm/SourcePackages/checkouts/firebase-ios-sdk/FirebaseFirestoreInternal -Xcc -I/Users/anita/Library/Developer/Xcode/DerivedData/Pubo-ffdsuafbzbosfghixevxzoavgcwm/SourcePackages/checkouts/firebase-ios-sdk/SwiftPM-PlatformExclude/FirebaseFirestoreWrap/include -Xcc -I/Users/anita/Library/Developer/Xcode/DerivedData/Pubo-ffdsuafbzbosfghixevxzoavgcwm/Build/Products/Debug-iphonesimulator/include -Xcc -I/Users/anita/Library/Developer/Xcode/DerivedData/Pubo-ffdsuafbzbosfghixevxzoavgcwm/Build/Intermediates.noindex/Pubo.build/Debug-iphonesimulator/Pubo.build/DerivedSources-normal/arm64 -Xcc -I/Users/anita/Library/Developer/Xcode/DerivedData/Pubo-ffdsuafbzbosfghixevxzoavgcwm/Build/Intermediates.noindex/Pubo.build/Debug-iphonesimulator/Pubo.build/DerivedSources/arm64 -Xcc -I/Users/anita/Library/Developer/Xcode/DerivedData/Pubo-ffdsuafbzbosfghixevxzoavgcwm/Build/Intermediates.noindex/Pubo.build/Debug-iphonesimulator/Pubo.build/DerivedSources -Xcc -DDEBUG\=1 -no-auto-bridging-header-chaining -module-name Pubo -frontend-parseable-output -disable-clang-spi -target-sdk-version 26.2 -target-sdk-name iphonesimulator26.2 -clang-target arm64-apple-ios26.2-simulator -in-process-plugin-server-path /Applications/Xcode.app/Contents/Developer/Toolchains/XcodeDefault.xctoolchain/usr/lib/swift/host/libSwiftInProcPluginServer.dylib -emit-module-doc-path /Users/anita/Library/Developer/Xcode/DerivedData/Pubo-ffdsuafbzbosfghixevxzoavgcwm/Build/Intermediates.noindex/Pubo.build/Debug-iphonesimulator/Pubo.build/Objects-normal/arm64/Pubo.swiftdoc -emit-module-source-info-path /Users/anita/Library/Developer/Xcode/DerivedData/Pubo-ffdsuafbzbosfghixevxzoavgcwm/Build/Intermediates.noindex/Pubo.build/Debug-iphonesimulator/Pubo.build/Objects-normal/arm64/Pubo.swiftsourceinfo -emit-objc-header-path /Users/anita/Library/Developer/Xcode/DerivedData/Pubo-ffdsuafbzbosfghixevxzoavgcwm/Build/Intermediates.noindex/Pubo.build/Debug-iphonesimulator/Pubo.build/Objects-normal/arm64/Pubo-Swift.h -serialize-diagnostics-path /Users/anita/Library/Developer/Xcode/DerivedData/Pubo-ffdsuafbzbosfghixevxzoavgcwm/Build/Intermediates.noindex/Pubo.build/Debug-iphonesimulator/Pubo.build/Objects-normal/arm64/Pubo-primary-emit-module.dia -emit-dependencies-path /Users/anita/Library/Developer/Xcode/DerivedData/Pubo-ffdsuafbzbosfghixevxzoavgcwm/Build/Intermediates.noindex/Pubo.build/Debug-iphonesimulator/Pubo.build/Objects-normal/arm64/Pubo-primary-emit-module.d -o /Users/anita/Library/Developer/Xcode/DerivedData/Pubo-ffdsuafbzbosfghixevxzoavgcwm/Build/Intermediates.noindex/Pubo.build/Debug-iphonesimulator/Pubo.build/Objects-normal/arm64/Pubo.swiftmodule -emit-abi-descriptor-path /Users/anita/Library/Developer/Xcode/DerivedData/Pubo-ffdsuafbzbosfghixevxzoavgcwm/Build/Intermediates.noindex/Pubo.build/Debug-iphonesimulator/Pubo.build/Objects-normal/arm64/Pubo.abi.json

EmitSwiftModule normal arm64 (in target 'Pubo' from project 'Pubo')
    cd /Users/anita/Cursor/PUBO/ios/Pubo
    
/Users/anita/Cursor/PUBO/ios/Pubo/Pubo/Views/NewUI/ReorderableModifier.swift:4:8: error: type 'ReorderableModifier' does not conform to protocol 'ViewModifier'
struct ReorderableModifier: ViewModifier {
       ^
/Users/anita/Cursor/PUBO/ios/Pubo/Pubo/Views/NewUI/ReorderableModifier.swift:4:8: note: add stubs for conformance
struct ReorderableModifier: ViewModifier {
       ^
SwiftUI.ViewModifier.Body:2:16: note: protocol requires nested type 'Body'
associatedtype Body : View}
               ^

SwiftCompile normal arm64 Compiling\ TripTrashView.swift,\ ImportView.swift,\ LibraryView.swift,\ ContentView.swift,\ PuboApp.swift,\ Secrets.swift,\ GeneratedAssetSymbols.swift /Users/anita/Cursor/PUBO/ios/Pubo/Pubo/Views/NewUI/TripTrashView.swift /Users/anita/Cursor/PUBO/ios/Pubo/Pubo/Views/ImportView.swift /Users/anita/Cursor/PUBO/ios/Pubo/Pubo/Views/LibraryView.swift /Users/anita/Cursor/PUBO/ios/Pubo/Pubo/ContentView.swift /Users/anita/Cursor/PUBO/ios/Pubo/Pubo/PuboApp.swift /Users/anita/Cursor/PUBO/ios/Pubo/Pubo/Secrets.swift /Users/anita/Library/Developer/Xcode/DerivedData/Pubo-ffdsuafbzbosfghixevxzoavgcwm/Build/Intermediates.noindex/Pubo.build/Debug-iphonesimulator/Pubo.build/DerivedSources/GeneratedAssetSymbols.swift (in target 'Pubo' from project 'Pubo')
SwiftCompile normal arm64 /Users/anita/Cursor/PUBO/ios/Pubo/Pubo/Views/NewUI/TripTrashView.swift (in target 'Pubo' from project 'Pubo')
    cd /Users/anita/Cursor/PUBO/ios/Pubo
    

SwiftCompile normal arm64 /Users/anita/Cursor/PUBO/ios/Pubo/Pubo/Views/ImportView.swift (in target 'Pubo' from project 'Pubo')
    cd /Users/anita/Cursor/PUBO/ios/Pubo
    

SwiftCompile normal arm64 /Users/anita/Cursor/PUBO/ios/Pubo/Pubo/Views/LibraryView.swift (in target 'Pubo' from project 'Pubo')
    cd /Users/anita/Cursor/PUBO/ios/Pubo
    

SwiftCompile normal arm64 /Users/anita/Cursor/PUBO/ios/Pubo/Pubo/ContentView.swift (in target 'Pubo' from project 'Pubo')
    cd /Users/anita/Cursor/PUBO/ios/Pubo
    

SwiftCompile normal arm64 /Users/anita/Cursor/PUBO/ios/Pubo/Pubo/PuboApp.swift (in target 'Pubo' from project 'Pubo')
    cd /Users/anita/Cursor/PUBO/ios/Pubo
    

SwiftCompile normal arm64 /Users/anita/Cursor/PUBO/ios/Pubo/Pubo/Secrets.swift (in target 'Pubo' from project 'Pubo')
    cd /Users/anita/Cursor/PUBO/ios/Pubo
    

SwiftCompile normal arm64 /Users/anita/Library/Developer/Xcode/DerivedData/Pubo-ffdsuafbzbosfghixevxzoavgcwm/Build/Intermediates.noindex/Pubo.build/Debug-iphonesimulator/Pubo.build/DerivedSources/GeneratedAssetSymbols.swift (in target 'Pubo' from project 'Pubo')
    cd /Users/anita/Cursor/PUBO/ios/Pubo
    

SwiftCompile normal arm64 Compiling\ GeneralSettingsView.swift,\ ImageCropperView.swift,\ ItineraryView.swift,\ LibraryDetailView.swift,\ LongImagePreviewView.swift,\ MapView.swift,\ NewHomeView.swift /Users/anita/Cursor/PUBO/ios/Pubo/Pubo/Views/NewUI/GeneralSettingsView.swift /Users/anita/Cursor/PUBO/ios/Pubo/Pubo/Views/NewUI/ImageCropperView.swift /Users/anita/Cursor/PUBO/ios/Pubo/Pubo/Views/NewUI/ItineraryView.swift /Users/anita/Cursor/PUBO/ios/Pubo/Pubo/Views/NewUI/LibraryDetailView.swift /Users/anita/Cursor/PUBO/ios/Pubo/Pubo/Views/NewUI/LongImagePreviewView.swift /Users/anita/Cursor/PUBO/ios/Pubo/Pubo/Views/NewUI/MapView.swift /Users/anita/Cursor/PUBO/ios/Pubo/Pubo/Views/NewUI/NewHomeView.swift (in target 'Pubo' from project 'Pubo')

SwiftCompile normal arm64 /Users/anita/Cursor/PUBO/ios/Pubo/Pubo/Views/NewUI/GeneralSettingsView.swift (in target 'Pubo' from project 'Pubo')
    cd /Users/anita/Cursor/PUBO/ios/Pubo
    

SwiftCompile normal arm64 /Users/anita/Cursor/PUBO/ios/Pubo/Pubo/Views/NewUI/ImageCropperView.swift (in target 'Pubo' from project 'Pubo')
    cd /Users/anita/Cursor/PUBO/ios/Pubo
    

SwiftCompile normal arm64 /Users/anita/Cursor/PUBO/ios/Pubo/Pubo/Views/NewUI/ItineraryView.swift (in target 'Pubo' from project 'Pubo')
    cd /Users/anita/Cursor/PUBO/ios/Pubo
    

SwiftCompile normal arm64 /Users/anita/Cursor/PUBO/ios/Pubo/Pubo/Views/NewUI/LibraryDetailView.swift (in target 'Pubo' from project 'Pubo')
    cd /Users/anita/Cursor/PUBO/ios/Pubo
    

SwiftCompile normal arm64 /Users/anita/Cursor/PUBO/ios/Pubo/Pubo/Views/NewUI/LongImagePreviewView.swift (in target 'Pubo' from project 'Pubo')
    cd /Users/anita/Cursor/PUBO/ios/Pubo
    

SwiftCompile normal arm64 /Users/anita/Cursor/PUBO/ios/Pubo/Pubo/Views/NewUI/MapView.swift (in target 'Pubo' from project 'Pubo')
    cd /Users/anita/Cursor/PUBO/ios/Pubo
    

SwiftCompile normal arm64 /Users/anita/Cursor/PUBO/ios/Pubo/Pubo/Views/NewUI/NewHomeView.swift (in target 'Pubo' from project 'Pubo')
    cd /Users/anita/Cursor/PUBO/ios/Pubo
    

SwiftCompile normal arm64 Compiling\ NewTripModalView.swift,\ PackingListView.swift,\ PlusModalView.swift,\ PostManagementView.swift,\ ProfileView.swift,\ ReorderableForEach.swift,\ ReorderableModifier.swift /Users/anita/Cursor/PUBO/ios/Pubo/Pubo/Views/NewUI/NewTripModalView.swift /Users/anita/Cursor/PUBO/ios/Pubo/Pubo/Views/NewUI/PackingListView.swift /Users/anita/Cursor/PUBO/ios/Pubo/Pubo/Views/NewUI/PlusModalView.swift /Users/anita/Cursor/PUBO/ios/Pubo/Pubo/Views/NewUI/PostManagementView.swift /Users/anita/Cursor/PUBO/ios/Pubo/Pubo/Views/NewUI/ProfileView.swift /Users/anita/Cursor/PUBO/ios/Pubo/Pubo/Views/NewUI/ReorderableForEach.swift /Users/anita/Cursor/PUBO/ios/Pubo/Pubo/Views/NewUI/ReorderableModifier.swift (in target 'Pubo' from project 'Pubo')

